NrHaul,RectangleAlpha,ICESSD,Latitude1_deg,Latitude1_dec_min,Longitude1_deg,Longitude1_dec_min,Latitude_end_deg,Latitude_end_dec_min,Longitude_end_deg,Longitude_end_dec_min,Layer,EEZ,Latitude1_deg_dec,Longitude1_deg_dec,Latitude_end_deg_dec,Longitude_end_deg_dec,codstock
22002,37G1,22,54,11,27,11,55,26,54,11,19,11,49,49,2,GFR,54.1878333333333,11.921,54.1865,11.8248333333333,21-24
22003,37G1,22,54,11,8,11,53,4,54,14,2,11,53,2,2,GFR,54.1966666666667,11.89,54.2366666666667,11.8866666666667,21-24
22004,37G0,22,54,26,5,10,39,66,54,27,31,10,35,55,2,GFR,54.4416666666667,10.661,54.4551666666667,10.5925,21-24
22005,37G0,22,54,24,24,10,45,27,54,25,45,10,43,58,2,GFR,54.404,10.7545,54.4241666666667,10.7263333333333,21-24
22006,37G0,22,54,29,8,10,41,2,54,27,7,10,42,6,2,GFR,54.4966666666667,10.6866666666667,54.4616666666667,10.71,21-24
22007,37G1,22,54,27,13,11,23,18,54,23,17,11,22,24,2,GFR,54.4521666666667,11.3863333333333,54.3861666666667,11.3706666666667,21-24
22008,37G1,22,54,20,8,11,55,3,54,18,5,11,55,4,2,GFR,54.3466666666667,11.9216666666667,54.3083333333333,11.9233333333333,21-24
22011,38G0,22,54,34,55,10,10,19,54,33,53,10,14,12,2,GFR,54.5758333333333,10.1698333333333,54.5588333333333,10.2353333333333,21-24
22012,37G1,22,54,25,22,11,31,07,54,23,61,11,30,54,2,GFR,54.4203333333333,11.5178333333333,54.3935,11.509,21-24
22013,38G1,22,54,31,38,11,19,27,54,30,17,11,21,19,2,GFR,54.523,11.3211666666667,54.5028333333333,11.3531666666667,21-24
22014,38G0,22,54,37,16,10,39,03,54,35,53,10,39,03,2,DEN,54.6193333333333,10.6505,54.5921666666667,10.6505,21-24
22016,39G0,22,55,5,9,10,48,7,55,3,7,10,46,7,2,DEN,55.0983333333333,10.8116666666667,55.0616666666667,10.7783333333333,21-24
22018,39G1,22,55,4,2,11,4,1,55,2,6,11,6,7,2,DEN,55.07,11.0683333333333,55.0433333333333,11.1116666666667,21-24
22019,39G1,22,55,3,44,11,24,15,55,2,81,11,19,93,2,DEN,55.0573333333333,11.4025,55.0468333333333,11.3321666666667,21-24
22020,39G0,22,55,12,7,10,56,3,55,14,2,10,59,6,2,DEN,55.2116666666667,10.9383333333333,55.2366666666667,10.9933333333333,21-24
22021,39G0,22,55,14,9,10,50,7,55,12,9,10,50,1,2,DEN,55.2483333333333,10.845,55.215,10.835,21-24
22022,39G1,22,55,14,7,11,3,3,55,13,11,0,6,2,DEN,55.245,11.055,55.2166666666667,11.01,21-24
22023,39G1,22,55,18,47,11,1,28,55,16,01,11,2,03,2,DEN,55.3078333333333,11.0213333333333,55.2668333333333,11.0338333333333,21-24
22024,39F9,22,55,21,9,9,45,16,55,24,1,9,43,94,2,DEN,55.365,9.75266666666667,55.4016666666667,9.73233333333333,21-24
22025,39G0,22,55,23,14,10,50,56,55,22,97,10,54,95,2,DEN,55.3856666666667,10.8426666666667,55.3828333333333,10.9158333333333,21-24
22026,39G0,22,55,25,4,10,46,55,25,2,10,50,2,DEN,55.4233333333333,10.7666666666667,55.42,10.8333333333333,21-24
22027,40G0,22,55,38,1,10,0,4,55,39,2,10,4,2,DEN,55.635,10.0066666666667,55.6533333333333,10.0666666666667,21-24
22029,40G0,22,55,39,1,10,39,7,55,37,4,10,41,9,2,DEN,55.6516666666667,10.6616666666667,55.6233333333333,10.6983333333333,21-24
22030,40G0,22,55,42,34,10,16,32,55,41,97,10,11,93,2,DEN,55.7056666666667,10.272,55.6995,10.1988333333333,21-24
22031,40G0,22,55,45,9,10,3,3,55,47,10,7,1,2,DEN,55.765,10.055,55.7833333333333,10.1183333333333,21-24
22032,40G0,22,55,46,7,10,40,8,55,48,1,10,44,1,2,DEN,55.7783333333333,10.68,55.8016666666667,10.735,21-24
22033,40G0,22,55,56,5,10,28,8,55,54,2,10,28,8,2,DEN,55.9416666666667,10.48,55.9033333333333,10.48,21-24
22034,40G0,22,55,59,6,10,38,4,55,59,6,10,42,5,2,DEN,55.9933333333333,10.64,55.9933333333333,10.7083333333333,21-24
22035,40G0,22,55,59,10,52,8,55,58,7,10,56,7,2,DEN,55.9833333333333,10.88,55.9783333333333,10.945,21-24
22036,40G1,22,55,55,3,11,13,6,55,53,6,11,16,4,2,DEN,55.9216666666667,11.2266666666667,55.8933333333333,11.2733333333333,21-24
22037,40G1,22,55,58,9,11,1,8,55,57,2,11,4,3,2,DEN,55.9816666666667,11.03,55.9533333333333,11.0716666666667,21-24
22043,37G1,22,54,6,12,11,4,46,54,5,16,11,2,41,2,GFR,54.102,11.0743333333333,54.086,11.0401666666667,21-24
22044,37G1,22,54,7,13,11,10,01,54,7,92,11,14,06,2,GFR,54.1188333333333,11.1668333333333,54.132,11.2343333333333,21-24
22045,37G1,22,54,17,28,11,18,11,54,14,28,11,20,36,2,GFR,54.288,11.3018333333333,54.238,11.3393333333333,21-24
22047,37G1,22,54,18,13,11,25,49,54,13,32,11,25,43,2,GFR,54.3021666666667,11.4248333333333,54.222,11.4238333333333,21-24
22048,37G1,22,54,14,46,11,37,11,54,13,53,11,31,41,2,GFR,54.241,11.6185,54.2255,11.5235,21-24
22050,37G1,22,54,14,6,11,20,2,54,12,11,20,4,2,GFR,54.2433333333333,11.3366666666667,54.2,11.34,21-24
22051,37G1,22,54,14,48,11,43,21,54,14,72,11,46,03,2,GFR,54.2413333333333,11.7201666666667,54.2453333333333,11.7671666666667,21-24
22052,37G1,22,54,17,07,11,54,94,54,18,5,11,55,72,2,GFR,54.2845,11.9156666666667,54.3083333333333,11.9286666666667,21-24
22053,37G1,22,54,18,48,11,41,42,54,17,78,11,36,47,2,GFR,54.308,11.6903333333333,54.2963333333333,11.6078333333333,21-24
22054,37G0,22,54,29,23,10,42,23,54,29,15,10,46,53,2,GFR,54.4871666666667,10.7038333333333,54.4858333333333,10.7755,21-24
22055,37G0,22,54,22,4,10,40,17,54,24,9,10,40,02,2,GFR,54.3733333333333,10.6695,54.415,10.667,21-24
22056,37G1,22,54,20,3,11,22,58,54,18,16,11,20,37,2,GFR,54.3383333333333,11.3763333333333,54.3026666666667,11.3395,21-24
22057,37G1,22,54,24,53,11,25,38,54,20,59,11,24,19,2,GFR,54.4088333333333,11.423,54.3431666666667,11.4031666666667,21-24
22058,37G1,22,54,27,17,11,25,18,54,24,11,25,34,2,GFR,54.4528333333333,11.4196666666667,54.4,11.4223333333333,21-24
22060,37G1,22,54,22,5,11,47,24,54,22,57,11,42,42,2,GFR,54.375,11.7873333333333,54.3761666666667,11.707,21-24
22062,38G0,22,54,32,39,10,8,98,54,33,43,10,10,84,2,GFR,54.5398333333333,10.1496666666667,54.5571666666667,10.1806666666667,21-24
22063,38G0,22,54,33,58,10,13,51,54,32,22,10,9,54,2,GFR,54.5596666666667,10.2251666666667,54.537,10.159,21-24
22064,38G0,22,54,37,66,10,19,84,54,40,23,10,21,25,2,GFR,54.6276666666667,10.3306666666667,54.6705,10.3541666666667,21-24
22065,38G0,22,54,36,4,10,38,58,54,37,99,10,35,24,2,DEN,54.6066666666667,10.643,54.6331666666667,10.5873333333333,21-24
22071,38G1,22,54,32,4,11,24,4,54,30,6,11,28,1,2,DEN,54.54,11.4066666666667,54.51,11.4683333333333,21-24
22072,38G1,22,54,33,53,11,21,74,54,32,54,11,23,82,2,GFR,54.5588333333333,11.3623333333333,54.5423333333333,11.397,21-24
22075,38G0,22,54,48,3,10,8,7,54,46,4,10,10,8,2,DEN,54.805,10.145,54.7733333333333,10.18,21-24
22076,38G0,22,54,49,11,10,16,47,54,50,66,10,15,28,2,DEN,54.8185,10.2745,54.8443333333333,10.2546666666667,21-24
22077,38G0,22,54,41,63,10,19,45,54,41,39,10,22,18,2,DEN,54.6938333333333,10.3241666666667,54.6898333333333,10.3696666666667,21-24
22078,38G0,22,54,58,2,10,6,8,54,56,2,10,8,5,2,DEN,54.97,10.1133333333333,54.9366666666667,10.1416666666667,21-24
22079,38G0,22,55,5,09,9,59,08,,,,,2,DEN,55.0848333333333,9.98466666666667,NA,NA,21-24
22081,39F9,22,55,6,3,9,59,28,55,3,9,9,59,16,2,DEN,55.105,9.988,55.065,9.986,21-24
22082,39G1,22,55,6,36,11,19,5,,,,,2,DEN,55.106,11.325,NA,NA,21-24
22084,39G1,22,55,11,9,11,4,6,,,,,2,DEN,55.1983333333333,11.0766666666667,NA,NA,21-24
22085,40G0,22,55,38,66,10,32,11,,,,,2,DEN,55.6443333333333,10.5351666666667,NA,NA,21-24
22086,40G0,22,55,35,96,10,55,36,55,33,5,10,54,55,2,DEN,55.5993333333333,10.9226666666667,55.5583333333333,10.9091666666667,21-24
22087,40G0,22,55,33,4,10,50,3,55,31,3,10,51,7,2,DEN,55.5566666666667,10.8383333333333,55.5216666666667,10.8616666666667,21-24
22089,40G0,22,55,41,7,10,13,2,55,42,2,10,9,4,2,DEN,55.695,10.22,55.7033333333333,10.1566666666667,21-24
22090,40G0,22,55,42,3,10,27,8,,,,,2,DEN,55.705,10.4633333333333,NA,NA,21-24
22091,40G0,22,55,43,32,10,38,2,55,43,05,10,33,79,2,DEN,55.722,10.6366666666667,55.7175,10.5631666666667,21-24
22092,40G0,22,55,49,8,10,49,2,55,47,5,10,50,3,2,DEN,55.83,10.82,55.7916666666667,10.8383333333333,21-24
22094,41G0,22,56,2,6,10,55,6,,,,,2,DEN,56.0433333333333,10.9266666666667,NA,NA,21-24
22100,40G0,22,55,42,9,10,47,2,,,,,3,DEN,55.715,10.7866666666667,NA,NA,21-24
22103,39G1,22,55,3,32,11,1,82,,,,,2,DEN,55.0553333333333,11.0303333333333,NA,NA,21-24
22104,40G0,22,55,34,43,10,54,66,,,,,2,DEN,55.5738333333333,10.911,NA,NA,21-24
22106,40G0,22,55,38,61,10,11,86,55,38,19,10,16,23,2,DEN,55.6435,10.1976666666667,55.6365,10.2705,21-24
22108,37G0,22,54,27,4,10,39,86,54,29,9,10,39,71,2,GFR,54.4566666666667,10.6643333333333,54.4983333333333,10.6618333333333,21-24
22111,38G0,22,54,54,83,10,3,2,54,52,38,10,4,09,2,DEN,54.9138333333333,10.0533333333333,54.873,10.0681666666667,21-24
22112,40G0,22,55,39,63,10,23,84,55,39,11,10,28,17,2,DEN,55.6605,10.3973333333333,55.6518333333333,10.4695,21-24
22114,37G1,22,54,8,7,11,17,68,54,9,94,11,19,44,2,GFR,54.145,11.2946666666667,54.1656666666667,11.324,21-24
22116,38G0,22,54,41,17,10,28,56,54,42,76,10,25,22,2,DEN,54.6861666666667,10.476,54.7126666666667,10.4203333333333,21-24
22118,40G0,22,55,37,77,10,20,59,55,37,35,10,24,96,2,DEN,55.6295,10.3431666666667,55.6225,10.416,21-24
22121,38G1,22,55,2,95,11,6,01,,,,,2,DEN,55.0491666666667,11.1001666666667,NA,NA,21-24
22122,39G0,22,55,32,49,10,51,14,,,,,2,DEN,55.5415,10.8523333333333,NA,NA,21-24
22123,37G0,22,54,27,49,10,35,55,54,27,02,10,38,2,GFR,54.4581666666667,10.5925,54.4503333333333,10.6333333333333,21-24
22124,38F9,22,54,48,88,10,17,53,,,,,2,DEN,54.8146666666667,10.2921666666667,NA,NA,21-24
22125,39G0,22,55,24,08,10,48,95,,,,,2,DEN,55.4013333333333,10.8158333333333,NA,NA,21-24
22127,37G1,22,54,35,69,11,13,62,54,36,95,11,11,02,2,GFR,54.5948333333333,11.227,54.6158333333333,11.1836666666667,21-24
22128,38F9,22,54,48,83,10,9,5,,,,,2,DEN,54.8138333333333,10.1583333333333,NA,NA,21-24
22129,38G0,22,54,41,89,10,44,38,,,,,2,DEN,54.6981666666667,10.7396666666667,NA,NA,21-24
22130,39G0,22,55,19,93,10,53,86,55,17,86,10,56,31,2,DEN,55.3321666666667,10.8976666666667,55.2976666666667,10.9385,21-24
22131,38G0,22,54,37,7,10,38,92,54,36,11,10,38,93,2,DEN,54.6283333333333,10.6486666666667,54.6018333333333,10.6488333333333,21-24
22134,38G0,22,54,33,126,10,46,27,54,32,546,10,43,138,2,GFR,54.5521,10.7711666666667,54.5424333333333,10.7189666666667,21-24
22135,38G1,22,54,37,4,11,5,54,35,8,11,7,7,2,GFR,54.6233333333333,11.0833333333333,54.5966666666667,11.1283333333333,21-24
22136,38G0,22,54,44,5,10,11,9,54,42,5,10,13,8,2,GFR,54.7416666666667,10.1983333333333,54.7083333333333,10.23,21-24
22137,38G0,22,54,42,9,10,44,9,54,40,9,10,43,9,2,DEN,54.715,10.7483333333333,54.6816666666667,10.7316666666667,21-24
22138,38G0,22,54,46,8,10,25,3,,,,,2,DEN,54.78,10.4216666666667,NA,NA,21-24
22139,37G1,22,54,26,11,31,5,54,23,4,11,30,6,2,GFR,54.4333333333333,11.525,54.39,11.51,21-24
22140,37G1,22,54,25,9,11,37,54,24,5,11,43,7,2,DEN,54.4316666666667,11.6166666666667,54.4083333333333,11.7283333333333,21-24
22141,37G1,22,54,14,4,11,25,3,54,15,1,11,27,7,2,GFR,54.24,11.4216666666667,54.2516666666667,11.4616666666667,21-24
22142,37G1,22,54,15,9,11,30,1,54,16,4,11,32,9,2,GFR,54.265,11.5016666666667,54.2733333333333,11.5483333333333,21-24
22143,37G1,22,54,12,9,11,33,1,54,13,9,11,37,4,2,GFR,54.215,11.5516666666667,54.2316666666667,11.6233333333333,21-24
22144,37G1,22,54,18,23,11,29,17,54,18,32,11,26,6,2,GFR,54.3038333333333,11.4861666666667,54.3053333333333,11.4433333333333,21-24
22145,37G1,22,54,17,9,11,31,6,54,17,5,11,34,3,2,GFR,54.2983333333333,11.5266666666667,54.2916666666667,11.5716666666667,21-24
22146,37G1,22,54,17,75,11,36,3,54,19,33,11,35,8,2,GFR,54.2958333333333,11.605,54.3221666666667,11.5966666666667,21-24
22147,38G1,22,54,22,762,11,46,55,54,22,8,11,43,4,2,DEN,54.3793666666667,11.7758333333333,54.38,11.7233333333333,21-24
22148,38G1,22,54,32,498,11,24,052,54,32,9,11,21,9,2,DEN,54.5416333333333,11.4008666666667,54.5483333333333,11.365,21-24
22149,38G1,22,54,37,703,11,8,892,54,38,4,11,5,1,2,DEN,54.6283833333333,11.1482,54.64,11.085,21-24
22150,39F9,22,55,7,1,9,43,2,55,7,9,9,45,9,2,DEN,55.1183333333333,9.72,55.1316666666667,9.765,21-24
22151,39F9,22,55,3,5,9,33,4,55,2,7,9,31,7,2,DEN,55.0583333333333,9.55666666666667,55.045,9.52833333333333,21-24
22152,39F9,22,55,9,7,9,37,5,55,9,4,9,34,8,2,DEN,55.1616666666667,9.625,55.1566666666667,9.58,21-24
22153,39F9,22,55,9,7,9,46,7,55,11,3,9,46,5,2,DEN,55.1616666666667,9.77833333333333,55.1883333333333,9.775,21-24
23001,41G2,23,56,8,384,12,30,564,55,57,45,12,40,42,2,,56.1397333333333,12.5094,55.9575,12.6736666666667,21-24
23002,40G2,23,55,56,9,12,43,294,55,46,36,12,49,312,2,,55.9483333333333,12.7215666666667,55.7726666666667,12.8218666666667,21-24
23003,40G2,23,55,51,408,12,45,006,55,46,312,12,51,582,2,,55.8568,12.7501,55.7718666666667,12.8597,21-24
23004,40G2,23,55,44,222,12,53,27,55,39,594,12,55,516,2,,55.7370333333333,12.8878333333333,55.6599,12.9252666666667,21-24
23005,40G2,23,55,48,54,12,47,5016,55,44,1254,12,53,18,2,,55.809,12.7916933333333,55.7354233333333,12.8863333333333,21-24
23006,40G2,23,55,44,3744,12,52,0084,55,41,93,12,55,5766,2,,55.7395733333333,12.8668066666667,55.6988333333333,12.9262766666667,21-24
23007,41G2,23,56,7,0042,12,33,1308,56,5,48,12,36,348,2,,56.1167366666667,12.55218,56.0913333333333,12.6058,21-24
23008,40G2,23,55,56,4248,12,41,54,55,55,1044,12,43,4674,2,,55.9404133333333,12.6923333333333,55.9184066666667,12.7244566666667,21-24
23009,40G2,23,55,54,2838,12,44,1074,55,50,378,12,45,246,2,,55.90473,12.7351233333333,55.8396333333333,12.7541,21-24
23010,41G2,23,56,14,12,25,05,56,12,12,26,2,,56.2333333333333,12.4175,56.2,12.4333333333333,21-24
23012,40G2,23,55,48,12,51,55,46,12,52,2,,55.8,12.85,55.7666666666667,12.8666666666667,21-24
23013,41G2,23,56,9,8,12,20,1,56,8,9,12,21,9,2,DEN,56.1633333333333,12.335,56.1483333333333,12.365,21-24
23014,40G2,23,55,48,8,12,43,2,55,47,7,12,44,2,2,DEN,55.8133333333333,12.72,55.795,12.7366666666667,21-24
23015,40G2,23,55,58,7,12,38,8,55,57,3,12,38,3,2,DEN,55.9783333333333,12.6466666666667,55.955,12.6383333333333,21-24
23016,40G2,23,55,47,9,12,43,3,55,49,0,12,42,9,2,DEN,55.7983333333333,12.7216666666667,55.8166666666667,12.715,21-24
23017,40G2,23,55,56,5,12,38,0,55,57,8,12,39,1,2,DEN,55.9416666666667,12.6333333333333,55.9633333333333,12.6516666666667,21-24
23018,40G2,23,55,57,6,12,38,6,55,56,5,12,37,9,2,DEN,55.96,12.6433333333333,55.9416666666667,12.6316666666667,21-24
23019,41G2,23,56,7,61,12,29,47,56,8,56,12,27,87,2,DEN,56.1268333333333,12.4911666666667,56.1426666666667,12.4645,21-24
23020,40G2,23,55,57,9,12,38,59,55,56,79,12,38,13,2,DEN,55.965,12.6431666666667,55.9465,12.6355,21-24
23021,40G2,23,55,49,27,12,42,79,55,48,19,12,43,63,2,DEN,55.8211666666667,12.7131666666667,55.8031666666667,12.7271666666667,21-24
23022,40G2,23,55,49,07,12,42,91,55,47,88,12,44,09,2,DEN,55.8178333333333,12.7151666666667,55.798,12.7348333333333,21-24
23023,41G2,23,56,9,880,12,22,160,56,9,130,12,23,900,2,DEN,56.1646666666667,12.3693333333333,56.1521666666667,12.3983333333333,21-24
23024,40G2,23,55,48,290,12,43,930,55,49,270,12,42,980,2,SWE,55.8048333333333,12.7321666666667,55.8211666666667,12.7163333333333,21-24
23025,41G2,23,56,8,96,12,22,00,56,9,70,12,20,09,2,DEN,56.1493333333333,12.3666666666667,56.1616666666667,12.3348333333333,21-24
23026,40G2,23,55,48,00,12,44,16,55,49,04,12,42,92,2,DEN,55.8,12.736,55.8173333333333,12.7153333333333,21-24
23027,40G2,23,55,56,54,12,38,54,55,57,83,12,38,11,2,DEN,55.9423333333333,12.6423333333333,55.9638333333333,12.6351666666667,21-24
23028,41G2,23,56,7,154,12,27,283,56,7,980,12,25,250,2,DEN,56.1192333333333,12.4547166666667,56.133,12.4208333333333,21-24
23029,41G2,23,56,8,24,12,28,04,56,9,25,12,26,75,2,DEN,56.1373333333333,12.4673333333333,56.1541666666667,12.4458333333333,21-24
23030,41G2,23,56,7,990,12,28,980,56,8,600,12,28,460,2,DEN,56.1331666666667,12.483,56.1433333333333,12.4743333333333,21-24
23031,41G2,23,56,7,3200,12,28,2400,56,7,7600,12,26,3900,2,DEN,56.122,12.4706666666667,56.1293333333333,12.4398333333333,21-24
23032,40G2,23,55,57,6100,12,38,7200,55,56,4700,12,37,8100,2,DEN,55.9601666666667,12.6453333333333,55.9411666666667,12.6301666666667,21-24
23033,41G2,23,56,7,640,12,26,190,56,7,230,12,28,400,2,DEN,56.1273333333333,12.4365,56.1205,12.4733333333333,21-24
23034,41G2,23,56,7,848,12,25,956,56,7,270,12,28,240,2,DEN,56.1308,12.4326,56.1211666666667,12.4706666666667,21-24
23035,41G2,23,56,7,590,12,27,556,56,8,845,12,26,475,2,DEN,56.1265,12.4592666666667,56.1474166666667,12.44125,21-24
23036,40G2,23,55,56,865,12,38,123,55,57,974,12,38,768,2,DEN,55.94775,12.6353833333333,55.9662333333333,12.6461333333333,21-24
23037,40G2,23,55,56,7400,12,37,8200,55,57,7100,12,38,7000,2,DEN,55.9456666666667,12.6303333333333,55.9618333333333,12.645,21-24
23038,39G2,23,55,29,5560,12,19,9250,55,28,7110,12,22,4700,2,DEN,55.4926,12.3320833333333,55.4785166666667,12.3745,21-24
23039,40G2,23,55,46,2940,12,42,9750,55,44,4310,12,42,8760,2,DEN,55.7715666666667,12.71625,55.7405166666667,12.7146,21-24
23040,40G2,23,55,57,95,12,38,77,55,56,88,12,38,13,2,DEN,55.9658333333333,12.6461666666667,55.948,12.6355,21-24
23041,40G2,23,55,44,01,12,53,36,55,42,93,12,54,00,2,SWE,55.7335,12.8893333333333,55.7155,12.9,21-24
23042,41G2,23,56,9,10,12,26,25,56,8,10,12,26,97,2,DEN,56.1516666666667,12.4375,56.135,12.4495,21-24
23043,41G2,23,56,8,55,12,27,69,56,9,75,12,27,45,2,DEN,56.1425,12.4615,56.1625,12.4575,21-24
23044,40G2,23,55,49,54,12,42,70,55,48,50,12,43,46,2,SWE,55.8256666666667,12.7116666666667,55.8083333333333,12.7243333333333,21-24
23045,41G2,23,56,7,32,12,27,80,56,7,74,12,25,86,2,DEN,56.122,12.4633333333333,56.129,12.431,21-24
23046,41G2,23,56,9,15,12,23,07,56,9,73,12,20,98,2,DEN,56.1525,12.3845,56.1621666666667,12.3496666666667,21-24
23047,40G2,23,55,56,1400,12,40,6000,55,57,3600,12,41,5100,2,SWE,55.9356666666667,12.6766666666667,55.956,12.6918333333333,21-24
23048,40G2,23,55,47,0100,12,51,4800,55,47,5400,12,50,5400,2,SWE,55.7835,12.858,55.7923333333333,12.8423333333333,21-24
23049,41G2,23,56,8,5300,12,24,0300,56,8,1400,12,26,3400,2,DEN,56.1421666666667,12.4005,56.1356666666667,12.439,21-24
23050,39G2,23,55,29,7440,12,23,3400,55,29,6100,12,20,7590,2,DEN,55.4957333333333,12.389,55.4935,12.3459833333333,21-24
23051,40G2,23,55,45,5600,12,42,8780,55,44,2710,12,42,4970,2,DEN,55.7593333333333,12.7146333333333,55.73785,12.7082833333333,21-24
23052,41G2,23,56,9,730,12,22,820,56,8,940,12,24,990,2,DEN,56.1621666666667,12.3803333333333,56.149,12.4165,21-24
23053,40G2,23,55,44,5590,12,42,7250,55,45,5300,12,43,1850,2,DEN,55.74265,12.7120833333333,55.7588333333333,12.71975,21-24
23054,40G2,23,55,30,1100,12,26,4500,55,29,8350,12,24,1290,2,DEN,55.5018333333333,12.4408333333333,55.49725,12.40215,21-24
23055,41G2,23,56,7,8090,12,25,3850,56,7,2180,12,27,5990,2,DEN,56.13015,12.4230833333333,56.1203,12.4599833333333,21-24
23056,40G2,23,55,44,7330,12,42,7290,55,45,7410,12,43,1840,2,DEN,55.74555,12.71215,55.76235,12.7197333333333,21-24
23057,39G2,23,55,29,7220,12,24,6940,55,29,6700,12,21,9180,2,DEN,55.4953666666667,12.4115666666667,55.4945,12.3653,21-24
23058,39G2,23,55,29,8140,12,25,5480,55,29,6980,12,23,8770,2,DEN,55.4969,12.4258,55.4949666666667,12.39795,21-24
23059,40G2,23,55,45,3100,12,43,0590,55,44,8010,12,42,7780,2,DEN,55.7551666666667,12.71765,55.7466833333333,12.7129666666667,21-24
23060,40G2,23,55,46,5550,12,43,2020,55,45,6000,12,43,3480,2,DEN,55.7759166666667,12.7200333333333,55.76,12.7224666666667,21-24
23061,41G2,23,56,8,0350,12,24,7220,56,7,4320,12,27,1230,2,DEN,56.1339166666667,12.4120333333333,56.1238666666667,12.45205,21-24
23062,41G2,23,56,8,1560,12,24,3150,56,7,4690,12,26,7930,2,DEN,56.1359333333333,12.40525,56.1244833333333,12.44655,21-24
23063,39G2,23,55,29,6070,12,20,8230,55,29,7410,12,23,4330,2,DEN,55.49345,12.34705,55.4956833333333,12.39055,21-24
23064,41G2,23,56,6,7470,12,29,4690,56,7,6680,12,27,4810,2,DEN,56.11245,12.49115,56.1278,12.4580166666667,21-24
23065,39G2,23,55,29,6070,12,20,4170,55,29,6800,12,23,0580,2,DEN,55.49345,12.3402833333333,55.4946666666667,12.3843,21-24
23066,40G2,23,55,45,1350,12,43,1980,55,44,4140,12,42,6770,2,DEN,55.75225,12.7199666666667,55.7402333333333,12.7112833333333,21-24
23067,39G2,23,55,29,8550,12,25,2050,55,29,7030,12,22,6570,2,DEN,55.4975833333333,12.4200833333333,55.49505,12.3776166666667,21-24
23068,40G2,23,55,49,4730,12,46,8360,55,50,0450,12,45,9820,2,SWE,55.82455,12.7806,55.8340833333333,12.7663666666667,21-24
24001,37G2,24,54,23,05,12,11,63,54,24,35,12,13,28,2,GFR,54.3841666666667,12.1938333333333,54.4058333333333,12.2213333333333,21-24
24002,37G2,24,54,26,48,12,20,88,54,24,85,12,19,4,2,GFR,54.4413333333333,12.348,54.4141666666667,12.3233333333333,21-24
24004,37G4,24,54,29,14,45,2,54,26,61,14,46,44,2,POL,54.4833333333333,14.7533333333333,54.4435,14.774,21-24
24005,38G2,24,54,39,6,12,11,2,54,40,05,12,13,89,2,DEN,54.66,12.1866666666667,54.6675,12.2315,21-24
24006,38G2,24,54,35,31,12,27,37,54,38,55,12,27,55,2,GFR,54.5885,12.4561666666667,54.6425,12.4591666666667,21-24
24007,38G2,24,54,37,44,12,55,14,54,37,98,12,59,72,2,GFR,54.624,12.919,54.633,12.9953333333333,21-24
24008,38G3,24,54,30,01,13,58,73,54,31,37,13,56,66,2,GFR,54.5001666666667,13.9788333333333,54.5228333333333,13.9443333333333,21-24
24009,38G3,24,54,31,54,13,57,76,54,29,51,14,2,14,2,GFR,54.5256666666667,13.9626666666667,54.4918333333333,14.0356666666667,21-24
24011,38G4,24,54,31,63,14,18,57,54,32,19,14,13,33,2,GFR,54.5271666666667,14.3095,54.5365,14.2221666666667,21-24
24012,38G4,24,54,31,93,14,15,04,54,30,46,14,21,75,2,GFR,54.5321666666667,14.2506666666667,54.5076666666667,14.3625,21-24
24014,38G4,24,54,30,19,14,22,94,54,29,28,14,27,08,2,GFR,54.5031666666667,14.3823333333333,54.488,14.4513333333333,21-24
24015,38G2,24,54,42,05,12,19,8,54,40,74,12,17,84,2,DEN,54.7008333333333,12.33,54.679,12.2973333333333,21-24
24016,38G2,24,54,41,28,12,58,35,54,40,13,13,3,59,2,GFR,54.688,12.9725,54.6688333333333,13.0598333333333,21-24
24017,38G2,24,54,52,97,12,36,41,54,53,48,12,38,9,2,DEN,54.8828333333333,12.6068333333333,54.8913333333333,12.6483333333333,21-24
24020,39G3,24,55,16,17,13,55,99,55,15,35,14,0,13,2,SWE,55.2695,13.9331666666667,55.2558333333333,14.0021666666667,21-24
24021,38G3,24,54,29,57,13,43,66,54,30,75,13,47,46,2,GFR,54.4928333333333,13.7276666666667,54.5125,13.791,21-24
24022,37G4,24,54,26,75,14,57,3,54,27,69,14,51,77,2,POL,54.4458333333333,14.955,54.4615,14.8628333333333,21-24
24024,38G3,24,54,34,4,13,47,6,54,32,8,13,48,1,2,GFR,54.5733333333333,13.7933333333333,54.5466666666667,13.8016666666667,21-24
24025,38G3,24,54,39,14,13,44,01,54,42,16,13,37,52,2,GFR,54.6523333333333,13.7335,54.7026666666667,13.6253333333333,21-24
24030,38G3,24,54,33,42,13,48,1,54,31,55,13,48,84,2,GFR,54.557,13.8016666666667,54.5258333333333,13.814,21-24
24031,38G3,24,54,39,11,13,50,17,54,41,57,13,49,37,2,GFR,54.6518333333333,13.8361666666667,54.6928333333333,13.8228333333333,21-24
24039,38G4,24,54,39,36,14,9,47,54,37,57,14,11,55,2,GFR,54.656,14.1578333333333,54.6261666666667,14.1925,21-24
24041,38G4,24,54,37,14,22,54,38,01,14,19,01,2,GFR,54.6166666666667,14.3666666666667,54.6335,14.3168333333333,21-24
24047,38G4,24,54,35,4,14,27,96,54,34,47,14,30,3,2,GFR,54.59,14.466,54.5745,14.505,21-24
24055,38G4,24,54,34,16,14,43,13,54,35,7,14,39,73,2,POL,54.5693333333333,14.7188333333333,54.595,14.6621666666667,21-24
24057,37G4,24,54,32,3,14,56,3,54,33,1,14,59,2,2,POL,54.5383333333333,14.9383333333333,54.5516666666667,14.9866666666667,21-24
24059,38G2,24,54,46,77,12,21,78,54,48,43,12,21,33,2,DEN,54.7795,12.363,54.8071666666667,12.3555,21-24
24062,38G3,24,54,48,24,13,0,36,54,48,23,12,56,02,2,GFR,54.804,13.006,54.8038333333333,12.9336666666667,21-24
24063,38G3,24,54,42,6,13,9,54,42,41,13,14,53,2,GFR,54.71,13.15,54.7068333333333,13.2421666666667,21-24
24065,38G3,24,54,45,16,13,16,48,54,44,37,13,19,31,2,GFR,54.7526666666667,13.2746666666667,54.7395,13.3218333333333,21-24
24066,38G3,24,54,44,6,13,20,22,54,44,24,13,23,23,2,GFR,54.7433333333333,13.337,54.7373333333333,13.3871666666667,21-24
24067,38G3,24,54,48,79,13,25,34,54,46,77,13,27,9,3,GFR,54.8131666666667,13.4223333333333,54.7795,13.465,21-24
24069,38G3,24,54,44,72,13,30,44,54,42,53,13,32,58,2,GFR,54.7453333333333,13.5073333333333,54.7088333333333,13.543,21-24
24071,38G3,24,54,45,5,13,55,22,54,44,17,13,53,29,3,GFR,54.7583333333333,13.9203333333333,54.7361666666667,13.8881666666667,21-24
24076,38G3,24,54,47,01,13,58,26,54,45,74,13,51,79,2,GFR,54.7835,13.971,54.7623333333333,13.8631666666667,21-24
24078,38G4,24,54,41,59,14,7,13,54,40,49,14,4,59,2,GFR,54.6931666666667,14.1188333333333,54.6748333333333,14.0765,21-24
24080,38G4,24,54,40,88,14,26,16,54,41,67,14,28,54,2,DEN,54.6813333333333,14.436,54.6945,14.4756666666667,21-24
24081,38G4,24,54,40,4,14,30,3,54,43,4,14,32,1,2,DEN,54.6733333333333,14.505,54.7233333333333,14.535,21-24
24085,38G4,24,54,47,53,14,41,5,54,45,01,14,34,15,3,DEN,54.7921666666667,14.6916666666667,54.7501666666667,14.5691666666667,21-24
24086,39G2,24,54,59,23,12,40,34,54,58,22,12,42,24,2,DEN,54.9871666666667,12.6723333333333,54.9703333333333,12.704,21-24
24089,38G2,24,54,54,1254,12,54,54,55,12,58,3,DEN,54.90209,12.9,54.9166666666667,12.9666666666667,21-24
24092,38G4,24,54,52,3,14,57,8,54,54,14,57,9,3,DEN,54.8716666666667,14.9633333333333,54.9,14.965,21-24
24093,39G2,24,55,5,9,12,47,2,55,8,3,12,51,3,2,DEN,55.0983333333333,12.7866666666667,55.1383333333333,12.855,21-24
24094,39G2,24,55,5,12,47,55,4,94,12,44,51,2,DEN,55.0833333333333,12.7833333333333,55.0823333333333,12.7418333333333,21-24
24095,39G2,24,55,5,12,50,1,55,5,1,12,53,2,DEN,55.0833333333333,12.835,55.085,12.8833333333333,21-24
24101,39G3,24,55,6,87,13,52,47,55,5,87,13,50,15,3,SWE,55.1145,13.8745,55.0978333333333,13.8358333333333,21-24
24104,39G3,24,55,3,98,13,20,4,55,4,01,13,23,14,3,SWE,55.0663333333333,13.34,55.0668333333333,13.3856666666667,21-24
24107,39G3,24,55,16,4,13,44,6,55,15,1,13,42,9,3,SWE,55.2733333333333,13.7433333333333,55.2516666666667,13.715,21-24
24125,39G3,24,55,15,71,13,57,57,55,14,42,14,1,33,2,SWE,55.2618333333333,13.9595,55.2403333333333,14.0221666666667,21-24
24142,39G4,24,55,16,4,14,5,55,15,62,14,9,17,2,SWE,55.2733333333333,14.0833333333333,55.2603333333333,14.1528333333333,21-24
24147,39G3,24,55,17,9,13,51,39,55,19,33,13,50,24,2,SWE,55.2983333333333,13.8565,55.3221666666667,13.8373333333333,21-24
24150,38G4,24,54,36,77,14,46,61,54,36,61,14,44,12,3,DEN,54.6128333333333,14.7768333333333,54.6101666666667,14.7353333333333,21-24
24151,38G3,24,54,48,56,13,10,92,54,48,19,13,14,7,3,GFR,54.8093333333333,13.182,54.8031666666667,13.245,21-24
24152,38G3,24,54,48,52,13,17,18,54,50,23,13,20,35,3,GFR,54.8086666666667,13.2863333333333,54.8371666666667,13.3391666666667,21-24
24153,38G3,24,54,45,22,13,31,23,54,44,54,13,24,26,3,GFR,54.7536666666667,13.5205,54.7423333333333,13.4043333333333,21-24
24156,38G3,24,54,43,32,13,43,57,54,44,38,13,47,49,3,GFR,54.722,13.7261666666667,54.7396666666667,13.7915,21-24
24161,38G3,24,54,46,2,13,58,3,54,48,38,13,56,17,3,GFR,54.77,13.9716666666667,54.8063333333333,13.9361666666667,21-24
24162,38G4,24,54,40,85,14,50,9,54,41,06,14,46,59,3,DEN,54.6808333333333,14.8483333333333,54.6843333333333,14.7765,21-24
24164,38G4,24,54,40,17,14,40,29,54,43,52,14,44,39,3,DEN,54.6695,14.6715,54.7253333333333,14.7398333333333,21-24
24169,38G2,24,54,54,8,12,58,5,54,57,1,13,1,3,2,DEN,54.9133333333333,12.975,54.9516666666667,13.0216666666667,21-24
24171,38G3,24,54,56,32,13,5,39,54,56,35,13,7,93,3,GFR,54.9386666666667,13.0898333333333,54.9391666666667,13.1321666666667,21-24
24173,38G3,24,54,52,58,13,13,14,54,52,6,13,10,41,3,GFR,54.8763333333333,13.219,54.8766666666667,13.1735,21-24
24179,38G3,24,54,51,64,13,18,09,54,48,27,13,17,99,3,GFR,54.8606666666667,13.3015,54.8045,13.2998333333333,21-24
24182,38G3,24,54,52,5,13,24,41,54,53,38,13,28,48,3,GFR,54.875,13.4068333333333,54.8896666666667,13.4746666666667,21-24
24183,38G3,24,55,0,13,31,7,54,58,36,13,35,74,3,GFR,55,13.5283333333333,54.9726666666667,13.5956666666667,21-24
24190,38G3,24,54,55,58,13,40,2,54,55,04,13,35,95,3,GFR,54.9263333333333,13.67,54.9173333333333,13.5991666666667,21-24
24192,38G3,24,54,51,9,13,50,1,54,51,9,13,43,8,3,GFR,54.865,13.835,54.865,13.73,21-24
24195,38G3,24,54,57,6,13,59,1,54,58,9,13,53,2,3,GFR,54.96,13.985,54.9816666666667,13.8866666666667,21-24
24202,38G4,24,54,53,53,14,6,49,54,53,61,14,2,14,3,DEN,54.8921666666667,14.1081666666667,54.8935,14.0356666666667,21-24
24205,38G4,24,54,53,93,14,5,8,54,54,32,14,10,77,3,GFR,54.8988333333333,14.0966666666667,54.9053333333333,14.1795,21-24
24207,38G4,24,54,59,2,14,9,5,55,2,14,12,4,3,DEN,54.9866666666667,14.1583333333333,55.0333333333333,14.2066666666667,21-24
24210,39G3,24,55,1,02,13,18,4,55,3,79,13,15,4,3,SWE,55.017,13.3066666666667,55.0631666666667,13.2566666666667,21-24
24211,39G3,24,55,3,89,13,16,5,55,4,02,13,23,23,3,SWE,55.0648333333333,13.275,55.067,13.3871666666667,21-24
24212,38G3,24,55,0,11,13,23,42,54,58,1,13,17,34,3,GFR,55.0018333333333,13.3903333333333,54.9683333333333,13.289,21-24
24225,39G3,24,55,4,17,13,39,5,55,3,55,13,33,38,3,SWE,55.0695,13.6583333333333,55.0591666666667,13.5563333333333,21-24
24228,39G3,24,55,0,57,13,40,37,55,1,06,13,44,65,3,GFR,55.0095,13.6728333333333,55.0176666666667,13.7441666666667,21-24
24245,39G4,24,55,5,42,14,18,55,55,3,98,14,17,78,3,DEN,55.0903333333333,14.3091666666667,55.0663333333333,14.2963333333333,21-24
24251,39G4,24,55,5,4,14,33,14,55,7,89,14,33,44,3,DEN,55.09,14.5523333333333,55.1315,14.5573333333333,21-24
24252,39G3,24,55,12,47,13,10,47,55,11,6,13,14,8,3,SWE,55.2078333333333,13.1745,55.1933333333333,13.2466666666667,21-24
24253,39G3,24,55,11,97,13,22,4,55,10,23,13,22,29,3,SWE,55.1995,13.3733333333333,55.1705,13.3715,21-24
24263,39G3,24,55,16,35,13,44,55,14,95,13,40,37,3,SWE,55.2725,13.7333333333333,55.2491666666667,13.6728333333333,21-24
24267,39G3,24,55,15,4,13,59,9,55,15,6,13,57,3,2,SWE,55.2566666666667,13.9983333333333,55.26,13.955,21-24
24275,39G4,24,55,11,91,14,18,7,55,10,55,14,17,03,3,DEN,55.1985,14.3116666666667,55.1758333333333,14.2838333333333,21-24
24278,38G5,24,54,46,1,15,0,54,44,5,14,58,7,3,DEN,54.7683333333333,15,54.7416666666667,14.9783333333333,21-24
24280,38G2,24,54,41,32,12,11,83,54,43,27,12,14,54,2,DEN,54.6886666666667,12.1971666666667,54.7211666666667,12.2423333333333,21-24
24281,38G2,24,54,50,68,12,40,73,54,49,23,12,44,27,2,DEN,54.8446666666667,12.6788333333333,54.8205,12.7378333333333,21-24
24282,38G2,24,54,38,42,12,10,53,54,36,4,12,7,99,2,DEN,54.6403333333333,12.1755,54.6066666666667,12.1331666666667,21-24
24286,38G4,24,54,41,56,14,39,445,54,41,155,14,38,305,3,DEN,54.6926666666667,14.6574166666667,54.6859166666667,14.6384166666667,21-24
24287,39G4,24,55,2,5,14,13,4,55,0,14,10,7,3,DEN,55.0416666666667,14.2233333333333,55,14.1783333333333,21-24
24288,39G4,24,55,16,22,14,2,36,55,16,12,14,5,03,2,SWE,55.2703333333333,14.0393333333333,55.2686666666667,14.0838333333333,21-24
24289,38G3,24,54,55,9,13,15,5,54,58,13,15,6,3,GFR,54.9316666666667,13.2583333333333,54.9666666666667,13.26,21-24
24293,38G4,24,54,33,81,14,7,63,54,32,5,14,12,77,2,GFR,54.5635,14.1271666666667,54.5416666666667,14.2128333333333,21-24
24294,38G3,24,54,36,77,13,48,48,54,40,62,13,47,55,2,GFR,54.6128333333333,13.808,54.677,13.7925,21-24
24295,38G4,24,54,34,564,14,39,402,54,42,144,14,30,342,2,DEN,54.5760666666667,14.6567,54.7024,14.5057,21-24
24296,38G2,24,54,54,48,12,52,222,54,58,534,12,49,21,2,DEN,54.908,12.8703666666667,54.9755666666667,12.8201666666667,21-24
24297,39G2,24,54,59,3,12,54,39,55,4,222,12,55,468,2,DEN,54.9883333333333,12.9065,55.0703666666667,12.9244666666667,21-24
24298,38G2,24,54,55,12,58,54,57,13,1,2,DEN,54.9166666666667,12.9666666666667,54.95,13.0166666666667,21-24
24300,38G4,24,54,51,74,14,47,68,54,49,08,14,43,4,2,DEN,54.8623333333333,14.7946666666667,54.818,14.7233333333333,21-24
24301,39G3,24,55,3,36,13,38,36,55,3,24,13,40,528,2,SWE,55.056,13.6393333333333,55.054,13.6754666666667,21-24
24303,39G3,24,55,18,83,13,55,94,55,18,18,13,54,7,2,SWE,55.3138333333333,13.9323333333333,55.303,13.9116666666667,21-24
24306,38G3,24,54,42,582,13,47,324,54,45,3,13,48,312,3,GFR,54.7097,13.7887333333333,54.755,13.8052,21-24
24307,38G4,24,54,43,56,14,42,5,54,41,59,14,36,13,3,DEN,54.726,14.7083333333333,54.6931666666667,14.6021666666667,21-24
24309,38G3,24,54,52,3756,13,34,2694,54,54,45,13,34,456,3,GFR,54.8729266666667,13.5711566666667,54.9075,13.5742666666667,21-24
24310,38G3,24,54,59,327,13,52,1836,54,55,4722,13,39,468,3,GFR,54.9887833333333,13.8697266666667,54.9245366666667,13.6578,21-24
24311,38G4,24,55,0,88,14,16,4,54,59,75,14,14,7,3,DEN,55.0146666666667,14.2733333333333,54.9958333333333,14.245,21-24
24312,39G3,24,55,2,59,13,27,03,55,2,51,13,29,76,3,SWE,55.0431666666667,13.4505,55.0418333333333,13.496,21-24
24313,39G3,24,55,2,3696,13,25,4476,55,2,321,13,28,471,3,SWE,55.0394933333333,13.4241266666667,55.0386833333333,13.4745166666667,21-24
24314,39G3,24,55,5,66,13,32,258,55,5,18,13,49,168,3,SWE,55.0943333333333,13.5376333333333,55.0863333333333,13.8194666666667,21-24
24315,39G3,24,55,4,9,13,43,54,55,4,486,13,46,3,3,SWE,55.0816666666667,13.7256666666667,55.0747666666667,13.7716666666667,21-24
24316,39G4,24,55,9,276,14,3,96,55,10,24,13,57,138,3,SWE,55.1546,14.066,55.1706666666667,13.9523,21-24
24317,39G4,24,55,9,471,14,16,2058,55,9,474,14,4,528,3,DEN,55.15785,14.2700966666667,55.1579,14.0754666666667,21-24
24318,39G4,24,55,8,5658,14,8,3768,55,8,585,14,11,4332,3,SWE,55.1427633333333,14.1396133333333,55.1430833333333,14.1905533333333,21-24
24319,39G4,24,55,5,14,10,2,55,7,4,14,14,8,3,DEN,55.0833333333333,14.17,55.1233333333333,14.2466666666667,21-24
24321,39G3,24,55,13,4,13,25,2,55,14,3,13,39,45,3,SWE,55.2233333333333,13.42,55.2383333333333,13.6575,21-24
24323,39G3,24,55,14,9,13,52,1,55,13,6,13,34,1,3,SWE,55.2483333333333,13.8683333333333,55.2266666666667,13.5683333333333,21-24
24324,39G3,24,55,9,13,55,9,55,9,02,13,58,7,3,SWE,55.15,13.9316666666667,55.1503333333333,13.9783333333333,21-24
24325,38G2,24,54,36,4,12,36,15,54,34,77,12,36,15,2,GFR,54.6066666666667,12.6025,54.5795,12.6025,21-24
24328,38G2,24,54,38,39,12,41,08,54,37,62,12,38,57,2,GFR,54.6398333333333,12.6846666666667,54.627,12.6428333333333,21-24
24329,37G4,24,54,26,14,15,6,54,26,14,12,9,2,GFR,54.4333333333333,14.26,54.4333333333333,14.215,21-24
24330,37G4,24,54,26,14,8,8,54,25,9,14,11,4,2,GFR,54.4333333333333,14.1466666666667,54.4316666666667,14.19,21-24
24331,37G4,24,54,25,9,14,4,2,54,24,9,14,6,1,2,GFR,54.4316666666667,14.07,54.415,14.1016666666667,21-24
24332,37G4,24,54,22,6,14,11,1,54,23,7,14,9,1,2,GFR,54.3766666666667,14.185,54.395,14.1516666666667,21-24
24333,37G4,24,54,21,4,14,8,9,54,20,5,14,11,2,GFR,54.3566666666667,14.1483333333333,54.3416666666667,14.1833333333333,21-24
24334,37G4,24,54,22,14,18,1,54,23,4,14,19,3,2,GFR,54.3666666666667,14.3016666666667,54.39,14.3216666666667,21-24
24335,37G4,24,54,11,5,14,18,6,54,12,8,14,16,9,2,GFR,54.1916666666667,14.31,54.2133333333333,14.2816666666667,21-24
24336,38G3,24,54,51,447,13,32,482,54,50,485,13,30,46,3,GFR,54.85745,13.5413666666667,54.8414166666667,13.5076666666667,21-24
24337,39G2,24,55,15,163,12,28,158,55,14,12,30,2,2,DEN,55.2527166666667,12.4693,55.2333333333333,12.5033333333333,21-24
24338,39G2,24,55,9,612,12,44,399,55,8,5,12,46,2,2,DEN,55.1602,12.7399833333333,55.1416666666667,12.77,21-24
24339,39G2,24,55,5,374,12,52,776,55,5,5,12,49,6,2,DEN,55.0895666666667,12.8796,55.0916666666667,12.8266666666667,21-24
24340,38G2,24,54,54,328,12,58,961,54,55,12,55,9,2,DEN,54.9054666666667,12.9826833333333,54.9166666666667,12.9316666666667,21-24
24341,38G2,24,54,49,547,12,43,267,54,49,9,12,40,8,2,DEN,54.8257833333333,12.7211166666667,54.8316666666667,12.68,21-24
24342,38G2,24,54,52,338,12,37,253,54,52,7,12,34,8,2,DEN,54.8723,12.6208833333333,54.8783333333333,12.58,21-24
24343,38G2,24,54,44,401,12,18,118,54,42,9,12,16,3,2,DEN,54.7400166666667,12.3019666666667,54.715,12.2716666666667,21-24
24344,38G2,24,54,38,317,12,10,388,54,36,6,12,11,2,DEN,54.6386166666667,12.1731333333333,54.61,12.1833333333333,21-24
25001,37G5,25,54,19,9,15,4,6,54,19,4,15,7,4,1,POL,54.3316666666667,15.0766666666667,54.3233333333333,15.1233333333333,25-32
25002,38G7,25,54,44,9,17,0,54,46,4,17,2,1,1,POL,54.7483333333333,17,54.7733333333333,17.035,25-32
25004,38G6,25,54,52,7,16,38,6,54,53,16,41,2,POL,54.8783333333333,16.6433333333333,54.8833333333333,16.6833333333333,25-32
25006,37G5,25,54,26,15,8,8,54,25,9,15,11,9,2,POL,54.4333333333333,15.1466666666667,54.4316666666667,15.1983333333333,25-32
25008,37G5,25,54,23,15,34,54,23,15,37,2,POL,54.3833333333333,15.5666666666667,54.3833333333333,15.6166666666667,25-32
25009,37G5,25,54,22,9,15,47,3,54,23,15,44,1,2,POL,54.3816666666667,15.7883333333333,54.3833333333333,15.735,25-32
25010,37G6,25,54,26,8,16,5,3,54,28,7,16,5,7,2,POL,54.4466666666667,16.0883333333333,54.4783333333333,16.095,25-32
25011,37G6,25,54,24,7,16,3,54,27,16,1,7,2,POL,54.4116666666667,16.05,54.45,16.0283333333333,25-32
25013,38G6,25,54,39,16,23,6,54,38,16,22,3,2,POL,54.65,16.3933333333333,54.6333333333333,16.3716666666667,25-32
25014,38G6,25,54,41,6,16,38,7,54,41,2,16,36,2,2,POL,54.6933333333333,16.645,54.6866666666667,16.6033333333333,25-32
25016,38G6,25,54,44,6,16,49,54,44,5,16,46,6,2,POL,54.7433333333333,16.8166666666667,54.7416666666667,16.7766666666667,25-32
25017,38G6,25,54,44,2,16,52,3,54,43,6,16,50,2,POL,54.7366666666667,16.8716666666667,54.7266666666667,16.8333333333333,25-32
25022,38G7,25,54,57,4,17,25,54,58,4,17,32,2,2,POL,54.9566666666667,17.4166666666667,54.9733333333333,17.5366666666667,25-32
25024,38G7,25,54,51,17,28,54,51,39,17,31,61,2,POL,54.85,17.4666666666667,54.8565,17.5268333333333,25-32
25030,39G7,25,55,29,3,17,27,8,55,29,4,17,25,3,3,POL,55.4883333333333,17.4633333333333,55.49,17.4216666666667,25-32
25038,41G7,25,56,9,17,45,56,8,5,17,40,6,3,SWE,56.15,17.75,56.1416666666667,17.6766666666667,25-32
25039,37G5,25,54,27,5,15,36,3,54,28,8,15,37,9,3,POL,54.4583333333333,15.605,54.48,15.6316666666667,25-32
25040,37G5,25,54,27,9,15,46,8,54,29,1,15,49,3,POL,54.465,15.78,54.485,15.8166666666667,25-32
25041,37G5,25,54,24,9,15,41,54,26,9,15,45,9,3,POL,54.415,15.6833333333333,54.4483333333333,15.765,25-32
25042,37G5,25,54,32,16,0,54,26,1,16,1,2,3,POL,54.5333333333333,16,54.435,16.02,25-32
25046,38G5,25,54,33,4,15,26,4,54,34,4,15,25,4,3,POL,54.5566666666667,15.44,54.5733333333333,15.4233333333333,25-32
25047,38G5,25,54,37,7,15,31,6,54,35,6,15,35,4,4,POL,54.6283333333333,15.5266666666667,54.5933333333333,15.59,25-32
25048,38G5,25,54,34,1,15,40,1,54,32,5,15,39,9,4,POL,54.5683333333333,15.6683333333333,54.5416666666667,15.665,25-32
25049,38G5,25,54,32,5,15,46,1,54,33,5,15,49,4,3,POL,54.5416666666667,15.7683333333333,54.5583333333333,15.8233333333333,25-32
25051,38G5,25,54,38,7,15,54,8,54,36,7,15,58,3,POL,54.645,15.9133333333333,54.6116666666667,15.9666666666667,25-32
25052,38G6,25,54,38,4,16,4,5,54,39,16,7,3,POL,54.64,16.075,54.65,16.1166666666667,25-32
25053,38G5,25,54,48,1,15,0,8,54,48,3,14,59,3,3,DEN,54.8016666666667,15.0133333333333,54.805,14.9883333333333,25-32
25054,38G5,25,54,42,9,15,46,7,54,43,2,15,49,5,4,POL,54.715,15.7783333333333,54.72,15.825,25-32
25055,38G5,25,54,49,15,55,54,51,15,58,3,4,POL,54.8166666666667,15.9166666666667,54.85,15.9716666666667,25-32
25056,38G5,25,54,44,7,15,57,54,48,15,57,9,3,POL,54.745,15.95,54.8,15.965,25-32
25059,38G5,25,54,53,6,15,10,4,54,52,4,15,3,6,4,DEN,54.8933333333333,15.1733333333333,54.8733333333333,15.06,25-32
25060,38G5,25,54,50,3,16,3,1,54,51,7,16,4,6,3,POL,54.8383333333333,16.0516666666667,54.8616666666667,16.0766666666667,25-32
25061,38G6,25,54,49,5,16,2,1,54,49,16,2,1,3,POL,54.825,16.035,54.8166666666667,16.035,25-32
25062,38G6,25,54,56,3,16,14,6,54,55,2,16,12,5,3,POL,54.9383333333333,16.2433333333333,54.92,16.2083333333333,25-32
25064,39G5,25,55,2,15,15,55,3,49,15,11,5,4,DEN,55.0333333333333,15.25,55.0581666666667,15.1916666666667,25-32
25065,39G5,25,55,3,6,15,20,1,55,6,4,15,23,2,4,DEN,55.06,15.335,55.1066666666667,15.3866666666667,25-32
25066,39G6,25,55,0,16,17,55,2,16,21,3,POL,55,16.2833333333333,55.0333333333333,16.35,25-32
25067,39G6,25,55,2,6,16,24,55,2,3,16,21,6,3,POL,55.0433333333333,16.4,55.0383333333333,16.36,25-32
25075,39G4,25,55,27,9,14,58,3,55,27,7,15,2,1,4,DEN,55.465,14.9716666666667,55.4616666666667,15.035,25-32
25076,39G5,25,55,21,1,15,4,4,55,18,15,2,9,4,DEN,55.3516666666667,15.0733333333333,55.3,15.0483333333333,25-32
25080,39G6,25,55,24,3,16,44,9,55,23,16,42,7,3,POL,55.405,16.7483333333333,55.3833333333333,16.7116666666667,25-32
25081,39G6,25,55,24,2,16,51,55,24,2,16,55,4,3,POL,55.4033333333333,16.85,55.4033333333333,16.9233333333333,25-32
25084,39G7,25,55,23,17,22,55,24,17,26,3,POL,55.3833333333333,17.3666666666667,55.4,17.4333333333333,25-32
25088,39G7,25,55,23,2,17,32,55,24,3,17,35,4,POL,55.3866666666667,17.5333333333333,55.405,17.5833333333333,25-32
25089,39G7,25,55,23,4,17,45,55,24,1,17,48,4,POL,55.39,17.75,55.4016666666667,17.8,25-32
25099,40G4,25,55,39,3,14,54,55,39,21,14,49,57,4,SWE,55.655,14.9,55.6535,14.8261666666667,25-32
25100,40G5,25,55,38,2,15,6,2,55,37,5,15,0,5,5,DEN,55.6366666666667,15.1033333333333,55.625,15.0083333333333,25-32
25107,40G7,25,55,33,2,17,36,55,32,4,17,33,3,POL,55.5533333333333,17.6,55.54,17.55,25-32
25119,40G5,25,55,41,2,15,4,2,55,41,4,15,7,1,4,SWE,55.6866666666667,15.07,55.69,15.1183333333333,25-32
25123,40G5,25,55,48,8,15,18,55,49,4,15,20,5,3,SWE,55.8133333333333,15.3,55.8233333333333,15.3416666666667,25-32
25124,40G5,25,55,46,2,15,15,1,55,46,2,15,18,3,SWE,55.77,15.2516666666667,55.77,15.3,25-32
25134,40G6,25,55,47,3,16,42,55,44,96,16,43,56,3,SWE,55.7883333333333,16.7,55.7493333333333,16.726,25-32
25136,40G7,25,55,46,6,17,42,55,49,4,17,40,1,3,SWE,55.7766666666667,17.7,55.8233333333333,17.6683333333333,25-32
25140,40G5,25,55,51,4,15,34,5,55,49,8,15,32,5,3,SWE,55.8566666666667,15.575,55.83,15.5416666666667,25-32
25145,40G6,25,55,50,1,16,12,3,55,50,5,16,8,5,3,SWE,55.835,16.205,55.8416666666667,16.1416666666667,25-32
25149,40G6,25,55,52,4,16,25,5,55,52,6,16,28,2,3,SWE,55.8733333333333,16.425,55.8766666666667,16.47,25-32
25161,40G7,25,55,53,3,17,43,6,55,56,1,17,45,4,4,SWE,55.8883333333333,17.7266666666667,55.935,17.7566666666667,25-32
25162,40G7,25,55,58,17,46,55,55,17,45,4,SWE,55.9666666666667,17.7666666666667,55.9166666666667,17.75,25-32
25167,41G7,25,56,16,17,57,56,14,17,52,3,SWE,56.2666666666667,17.95,56.2333333333333,17.8666666666667,25-32
25169,41G6,25,56,27,16,46,56,25,16,46,4,SWE,56.45,16.7666666666667,56.4166666666667,16.7666666666667,25-32
25171,38G5,25,54,39,2,15,4,4,54,39,22,15,8,72,4,DEN,54.6533333333333,15.0733333333333,54.6536666666667,15.1453333333333,25-32
25173,38G5,25,54,40,9,15,37,6,54,40,1,15,35,3,4,POL,54.6816666666667,15.6266666666667,54.6683333333333,15.5883333333333,25-32
25175,38G5,25,54,40,6,15,38,3,54,41,15,40,4,POL,54.6766666666667,15.6383333333333,54.6833333333333,15.6666666666667,25-32
25177,38G5,25,54,46,3,15,17,3,54,49,3,15,19,6,4,DEN,54.7716666666667,15.2883333333333,54.8216666666667,15.3266666666667,25-32
25179,38G5,25,54,46,5,15,38,8,54,47,15,42,8,4,DEN,54.775,15.6466666666667,54.7833333333333,15.7133333333333,25-32
25180,38G5,25,54,47,5,15,42,54,46,96,15,45,4,DEN,54.7916666666667,15.7,54.7826666666667,15.75,25-32
25181,38G5,25,54,49,2,15,54,5,54,48,15,52,4,4,POL,54.82,15.9083333333333,54.8,15.8733333333333,25-32
25182,38G5,25,54,53,3,15,17,5,54,50,1,15,15,3,3,DEN,54.8883333333333,15.2916666666667,54.835,15.255,25-32
25189,38G5,25,54,52,5,15,25,9,54,51,15,27,4,DEN,54.875,15.4316666666667,54.85,15.45,25-32
25190,38G5,25,54,57,15,31,54,58,15,36,4,DEN,54.95,15.5166666666667,54.9666666666667,15.6,25-32
25192,38G5,25,54,50,15,36,54,51,7,15,44,5,DEN,54.8333333333333,15.6,54.8616666666667,15.7333333333333,25-32
25193,38G5,25,54,51,15,41,4,54,50,9,15,44,3,4,DEN,54.85,15.69,54.8483333333333,15.7383333333333,25-32
25195,38G5,25,54,53,15,51,54,50,15,50,4,DEN,54.8833333333333,15.85,54.8333333333333,15.8333333333333,25-32
25197,39G5,25,55,8,15,17,55,5,15,15,4,DEN,55.1333333333333,15.2833333333333,55.0833333333333,15.25,25-32
25205,39G5,25,55,5,6,15,33,1,55,4,3,15,34,7,4,DEN,55.0933333333333,15.5516666666667,55.0716666666667,15.5783333333333,25-32
25208,39G6,25,55,3,16,9,55,4,7,16,11,1,4,POL,55.05,16.15,55.0783333333333,16.185,25-32
25212,39G6,25,55,3,3,16,18,2,55,1,5,16,13,6,4,POL,55.055,16.3033333333333,55.025,16.2266666666667,25-32
25214,39G6,25,55,4,5,16,23,1,55,7,16,23,18,4,POL,55.075,16.385,55.1166666666667,16.3863333333333,25-32
25219,39G5,25,55,19,3,15,2,4,55,16,3,15,5,4,4,DEN,55.3216666666667,15.04,55.2716666666667,15.09,25-32
25221,39G5,25,55,13,7,15,10,8,55,12,26,15,12,2,4,DEN,55.2283333333333,15.18,55.2043333333333,15.2033333333333,25-32
25222,39G5,25,55,16,15,14,55,15,15,20,4,DEN,55.2666666666667,15.2333333333333,55.25,15.3333333333333,25-32
25224,39G6,25,55,18,16,17,55,21,16,17,4,DEN,55.3,16.2833333333333,55.35,16.2833333333333,25-32
25229,39G6,25,55,16,7,16,52,3,55,16,9,16,56,2,4,POL,55.2783333333333,16.8716666666667,55.2816666666667,16.9366666666667,25-32
25231,39G7,25,55,19,3,17,17,4,55,19,2,17,14,6,4,POL,55.3216666666667,17.29,55.32,17.2433333333333,25-32
25232,39G7,25,55,18,7,17,20,55,20,17,24,7,4,POL,55.3116666666667,17.3333333333333,55.3333333333333,17.4116666666667,25-32
25235,39G4,25,55,29,1,14,46,3,55,29,03,14,41,89,4,DEN,55.485,14.7716666666667,55.4838333333333,14.6981666666667,25-32
25240,39G5,25,55,28,6,15,12,8,55,30,1,15,17,7,4,DEN,55.4766666666667,15.2133333333333,55.5016666666667,15.295,25-32
25243,39G6,25,55,29,16,9,55,32,16,10,4,SWE,55.4833333333333,16.15,55.5333333333333,16.1666666666667,25-32
25244,39G6,25,55,23,16,19,2,55,21,2,16,19,4,DEN,55.3833333333333,16.32,55.3533333333333,16.3166666666667,25-32
25246,39G6,25,55,21,16,57,55,22,7,17,0,4,POL,55.35,16.95,55.3783333333333,17,25-32
25247,39G7,25,55,20,8,17,9,6,55,20,8,17,6,5,4,POL,55.3466666666667,17.16,55.3466666666667,17.1083333333333,25-32
25248,39G7,25,55,21,1,17,27,7,55,20,17,25,4,POL,55.3516666666667,17.4616666666667,55.3333333333333,17.4166666666667,25-32
25250,39G7,25,55,24,17,30,3,55,23,8,17,26,4,POL,55.4,17.505,55.3966666666667,17.4333333333333,25-32
25252,39G7,25,55,29,8,17,48,55,28,17,49,4,POL,55.4966666666667,17.8,55.4666666666667,17.8166666666667,25-32
25253,39G7,25,55,29,17,51,55,31,17,53,4,POL,55.4833333333333,17.85,55.5166666666667,17.8833333333333,25-32
25268,40G4,25,55,37,4,14,52,2,55,38,2,14,55,2,4,SWE,55.6233333333333,14.87,55.6366666666667,14.92,25-32
25270,40G5,25,55,39,3,15,6,2,55,39,14,59,7,4,DEN,55.655,15.1033333333333,55.65,14.995,25-32
25272,40G5,25,55,39,9,15,13,4,55,39,8,15,16,4,DEN,55.665,15.2233333333333,55.6633333333333,15.2666666666667,25-32
25274,40G5,25,55,31,3,15,31,3,55,31,2,15,33,9,5,DEN,55.5216666666667,15.5216666666667,55.52,15.565,25-32
25277,40G5,25,55,34,4,15,34,8,55,31,4,15,35,4,DEN,55.5733333333333,15.58,55.5233333333333,15.5833333333333,25-32
25280,40G5,25,55,37,4,15,51,6,55,36,6,15,54,3,4,SWE,55.6233333333333,15.86,55.61,15.905,25-32
25282,40G6,25,55,32,1,16,10,6,55,33,6,16,11,4,SWE,55.535,16.1766666666667,55.56,16.1833333333333,25-32
25283,40G6,25,55,35,3,16,11,5,55,32,4,16,10,6,4,SWE,55.5883333333333,16.1916666666667,55.54,16.1766666666667,25-32
25286,40G6,25,55,34,9,16,26,1,55,35,4,16,23,1,4,SWE,55.5816666666667,16.435,55.59,16.385,25-32
25290,40G7,25,55,30,17,53,8,55,31,18,0,4,POL,55.5,17.8966666666667,55.5166666666667,18,25-32
25292,40G5,25,55,45,885,15,23,788,55,45,887,15,2, 087,3,SWE,55.76475,15.3964666666667,55.7647833333333,NA,25-32
25297,40G5,25,55,43,6,15,19,2,55,45,1,15,22,75,4,SWE,55.7266666666667,15.32,55.7516666666667,15.3791666666667,25-32
25298,40G5,25,55,44,2,15,34,55,44,8,15,39,4,SWE,55.7366666666667,15.5666666666667,55.7466666666667,15.65,25-32
25299,40G5,25,55,47,15,56,55,47,15,59,7,4,SWE,55.7833333333333,15.9333333333333,55.7833333333333,15.995,25-32
25300,40G6,25,55,43,2,16,1,3,55,44,2,16,6,3,4,SWE,55.72,16.0216666666667,55.7366666666667,16.105,25-32
25301,40G6,25,55,41,16,9,55,40,1,16,13,9,4,SWE,55.6833333333333,16.15,55.6683333333333,16.2316666666667,25-32
25302,40G6,25,55,42,4,16,10,8,55,43,3,16,14,7,4,SWE,55.7066666666667,16.18,55.7216666666667,16.245,25-32
25303,40G6,25,55,48,3,16,12,2,55,47,6,16,15,2,4,SWE,55.805,16.2033333333333,55.7933333333333,16.2533333333333,25-32
25305,40G6,25,55,44,16,20,55,47,16,20,4,SWE,55.7333333333333,16.3333333333333,55.7833333333333,16.3333333333333,25-32
25308,40G7,25,55,44,1,17,55,7,55,45,2,18,0,3,4,POL,55.735,17.9283333333333,55.7533333333333,18.005,25-32
25309,40G7,25,55,50,3,17,42,4,55,52,5,17,39,4,4,SWE,55.8383333333333,17.7066666666667,55.875,17.6566666666667,25-32
25310,40G7,25,55,56,8,17,45,7,55,59,7,17,47,5,4,SWE,55.9466666666667,17.7616666666667,55.995,17.7916666666667,25-32
25311,41G7,25,56,2,17,43,56,3,17,46,4,SWE,56.0333333333333,17.7166666666667,56.05,17.7666666666667,25-32
25314,41G6,25,56,21,16,58,56,23,1,16,57,5,4,SWE,56.35,16.9666666666667,56.385,16.9583333333333,25-32
25315,41G6,25,56,26,8,16,58,5,56,28,6,16,57,3,4,SWE,56.4466666666667,16.975,56.4766666666667,16.955,25-32
25316,38G5,25,54,56,4,15,39,54,55,15,42,4,DEN,54.94,15.65,54.9166666666667,15.7,25-32
25318,38G5,25,54,55,8,15,41,4,54,56,22,15,39,4,4,DEN,54.93,15.69,54.937,15.6566666666667,25-32
25321,39G5,25,55,5,4,15,36,55,4,94,15,40,29,4,DEN,55.09,15.6,55.0823333333333,15.6715,25-32
25322,39G5,25,55,3,1,15,42,6,55,1,15,37,5,5,DEN,55.0516666666667,15.71,55.0166666666667,15.625,25-32
25326,39G6,25,55,8,1,16,3,6,55,9,16,0,5,5,POL,55.135,16.06,55.15,16.0083333333333,25-32
25330,39G5,25,55,15,7,15,58,7,55,13,2,15,55,6,5,DEN,55.2616666666667,15.9783333333333,55.22,15.9266666666667,25-32
25331,39G6,25,55,16,1,16,3,9,55,17,1,15,59,3,5,DEN,55.2683333333333,16.065,55.285,15.9883333333333,25-32
25333,39G6,25,55,19,16,11,55,16,9,16,6,2,4,DEN,55.3166666666667,16.1833333333333,55.2816666666667,16.1033333333333,25-32
25339,39G7,25,55,15,5,17,25,5,55,15,5,17,29,5,POL,55.2583333333333,17.425,55.2583333333333,17.4833333333333,25-32
25341,39G5,25,55,20,94,15,22,27,55,19,51,15,21,11,5,DEN,55.349,15.3711666666667,55.3251666666667,15.3518333333333,25-32
25342,39G5,25,55,26,7,15,32,5,55,29,7,15,34,9,5,DEN,55.445,15.5416666666667,55.495,15.5816666666667,25-32
25344,39G5,25,55,27,4,15,56,2,55,29,5,15,58,1,5,DEN,55.4566666666667,15.9366666666667,55.4916666666667,15.9683333333333,25-32
25359,40G6,25,55,48,5,16,31,9,55,47,3,16,27,5,3,SWE,55.8083333333333,16.5316666666667,55.7883333333333,16.4583333333333,25-32
25364,38G7,25,54,59,8,17,28,54,59,17,26,1,2,POL,54.9966666666667,17.4666666666667,54.9833333333333,17.435,25-32
25380,40G6,25,55,38,5,17,37,8,55,37,17,35,9,3,POL,55.6416666666667,17.63,55.6166666666667,17.5983333333333,25-32
25387,39G4,25,55,24,54,14,30,28,55,22,8,14,27,4,3,SWE,55.409,14.5046666666667,55.38,14.4566666666667,25-32
25389,40G6,25,55,35,41,16,39,65,55,37,74,16,41,27,3,SWE,55.5901666666667,16.6608333333333,55.629,16.6878333333333,25-32
25391,40G4,25,55,40,1,14,43,46,55,40,96,14,47,61,3,SWE,55.6683333333333,14.7243333333333,55.6826666666667,14.7935,25-32
25392,40G5,25,55,45,1,15,22,75,55,45,962,15,26,534,4,SWE,55.7516666666667,15.3791666666667,55.7660333333333,15.4422333333333,25-32
25394,38G5,25,54,39,4,15,9,08,54,39,5,15,8,9,4,DEN,54.6566666666667,15.1513333333333,54.6583333333333,15.1483333333333,25-32
25397,40G5,25,55,46,21,15,31,29,55,46,46,15,35,72,4,SWE,55.7701666666667,15.5215,55.7743333333333,15.5953333333333,25-32
25399,40G5,25,55,52,79,15,42,88,55,52,41,15,47,29,3,SWE,55.8798333333333,15.7146666666667,55.8735,15.7881666666667,25-32
25401,40G4,25,55,42,15,14,22,21,55,42,5,14,24,83,2,SWE,55.7025,14.3701666666667,55.7083333333333,14.4138333333333,25-32
25403,40G6,25,55,51,93,16,26,14,55,51,82,16,28,83,3,SWE,55.8655,16.4356666666667,55.8636666666667,16.4805,25-32
25404,40G5,25,55,49,6,15,26,4,55,48,8,15,23,5,3,SWE,55.8266666666667,15.44,55.8133333333333,15.3916666666667,25-32
25405,40G5,25,55,54,7,15,34,1,55,52,9,15,34,1,3,SWE,55.9116666666667,15.5683333333333,55.8816666666667,15.5683333333333,25-32
25406,41G6,25,56,27,5,16,47,2,56,25,6,16,45,7,4,SWE,56.4583333333333,16.7866666666667,56.4266666666667,16.7616666666667,25-32
25407,39G6,25,55,3,9,16,9,9,55,6,1,16,12,2,4,POL,55.065,16.165,55.1016666666667,16.2033333333333,25-32
25409,40G5,25,55,47,9,15,57,8,55,47,9,15,54,2,3,SWE,55.7983333333333,15.9633333333333,55.7983333333333,15.9033333333333,25-32
25410,41G7,25,56,2,9,17,44,5,56,5,1,17,46,6,4,SWE,56.0483333333333,17.7416666666667,56.085,17.7766666666667,25-32
25413,40G5,25,55,50,1,15,56,8,55,51,1,16,0,2,3,SWE,55.835,15.9466666666667,55.8516666666667,16.0033333333333,25-32
25414,40G4,25,55,42,1,14,33,55,41,2,14,29,3,SWE,55.7016666666667,14.55,55.6866666666667,14.4833333333333,25-32
25416,40G4,25,55,41,56,14,22,75,55,43,13,14,20,65,3,SWE,55.6926666666667,14.3791666666667,55.7188333333333,14.3441666666667,25-32
25417,40G6,25,55,51,93,16,25,6,55,51,82,16,28,83,3,SWE,55.8655,16.4266666666667,55.8636666666667,16.4805,25-32
25418,40G4,25,55,42,4,14,22,5,55,42,8,14,25,9,2,SWE,55.7066666666667,14.375,55.7133333333333,14.4316666666667,25-32
25419,40G4,25,55,41,5,14,22,35,55,43,14,20,5,2,SWE,55.6916666666667,14.3725,55.7166666666667,14.3416666666667,25-32
25421,40G4,25,55,41,2,14,27,3,55,40,2,14,29,25,3,SWE,55.6866666666667,14.455,55.67,14.4875,25-32
25422,40G4,25,55,41,8,14,24,6,55,41,25,14,27,2,3,SWE,55.6966666666667,14.41,55.6875,14.4533333333333,25-32
25423,40G4,25,55,41,5,14,52,3,55,41,3,14,49,4,3,SWE,55.6916666666667,14.8716666666667,55.6883333333333,14.8233333333333,25-32
25425,40G4,25,55,42,55,14,51,55,41,14,53,5,3,SWE,55.7091666666667,14.85,55.6833333333333,14.8916666666667,25-32
25426,40G5,25,55,49,1,15,15,6,55,50,3,15,17,4,3,SWE,55.8183333333333,15.26,55.8383333333333,15.29,25-32
25427,40G5,25,55,48,45,15,50,31,55,47,9,15,46,9,3,SWE,55.8075,15.8385,55.7983333333333,15.7816666666667,25-32
25428,40G6,25,55,45,5,16,40,2,55,47,3,16,38,2,3,SWE,55.7583333333333,16.67,55.7883333333333,16.6366666666667,25-32
25429,40G5,25,55,57,91,15,24,6,55,56,25,15,24,1,3,SWE,55.9651666666667,15.41,55.9375,15.4016666666667,25-32
25431,40G6,25,55,52,2,16,1,1,55,52,3,16,5,1,3,SWE,55.87,16.0183333333333,55.8716666666667,16.085,25-32
25432,40G6,25,55,50,2,16,23,2,55,49,16,29,4,3,SWE,55.8366666666667,16.3866666666667,55.8166666666667,16.49,25-32
25433,38G5,25,54,50,3,15,27,3,54,50,3,15,22,5,4,DEN,54.8383333333333,15.455,54.8383333333333,15.375,25-32
25434,39G5,25,55,3,4,15,33,5,55,5,2,15,30,8,4,DEN,55.0566666666667,15.5583333333333,55.0866666666667,15.5133333333333,25-32
25435,39G4,25,55,28,85,14,36,1,55,29,6,14,38,4,3,SWE,55.4808333333333,14.6016666666667,55.4933333333333,14.64,25-32
25438,40G4,25,55,37,8,14,39,6,55,37,4,14,45,4,4,SWE,55.63,14.66,55.6233333333333,14.7566666666667,25-32
25439,40G4,25,55,35,9,14,33,6,55,36,75,14,36,4,SWE,55.5983333333333,14.56,55.6125,14.6,25-32
25440,40G4,25,55,35,8,14,36,8,55,34,8,14,40,6,4,SWE,55.5966666666667,14.6133333333333,55.58,14.6766666666667,25-32
25442,40G4,25,55,31,14,56,55,32,4,14,51,8,4,DEN,55.5166666666667,14.9333333333333,55.54,14.8633333333333,25-32
25443,40G4,25,55,36,73,14,45,34,55,36,77,14,50,61,4,SWE,55.6121666666667,14.7556666666667,55.6128333333333,14.8435,25-32
25444,40G4,25,55,38,42,14,52,96,55,38,69,14,55,59,4,SWE,55.6403333333333,14.8826666666667,55.6448333333333,14.9265,25-32
25445,40G5,25,55,35,66,15,13,13,55,36,15,17,6,4,DEN,55.5943333333333,15.2188333333333,55.6,15.2933333333333,25-32
25446,40G5,25,55,32,68,15,15,36,55,31,46,15,10,32,4,DEN,55.5446666666667,15.256,55.5243333333333,15.172,25-32
25447,40G5,25,55,34,67,15,3,8,55,34,58,14,57,94,5,DEN,55.5778333333333,15.0633333333333,55.5763333333333,14.9656666666667,25-32
25448,40G4,25,55,38,55,14,44,19,55,38,43,14,41,49,4,SWE,55.6425,14.7365,55.6405,14.6915,25-32
25449,40G4,25,55,27,6,14,43,8,55,27,2,14,39,9,4,DEN,55.46,14.73,55.4533333333333,14.665,25-32
25450,40G6,25,55,40,6,16,32,3,55,40,3,16,27,7,4,SWE,55.6766666666667,16.5383333333333,55.6716666666667,16.4616666666667,25-32
25451,39G6,25,55,17,2,16,1,2,55,19,5,16,3,2,5,DEN,55.2866666666667,16.02,55.325,16.0533333333333,25-32
25452,39G5,25,55,22,4,15,15,6,55,24,1,15,18,5,5,DEN,55.3733333333333,15.26,55.4016666666667,15.3083333333333,25-32
25455,39G7,25,55,27,4,17,17,55,27,7,17,20,1,2,POL,55.4566666666667,17.2833333333333,55.4616666666667,17.335,25-32
25456,39G7,25,55,23,3,17,6,7,55,23,17,10,4,POL,55.3883333333333,17.1116666666667,55.3833333333333,17.1666666666667,25-32
25457,39G7,25,55,20,7,17,10,9,55,20,8,17,7,9,4,POL,55.345,17.1816666666667,55.3466666666667,17.1316666666667,25-32
25461,41G7,25,56,4,05,17,21,87,56,5,43,17,25,61,3,SWE,56.0675,17.3645,56.0905,17.4268333333333,25-32
25462,39G8,25,55,45,979,16,41,02,55,44,79,16,41,1,3,SWE,55.7663166666667,16.6836666666667,55.7465,16.685,25-32
25463,39G7,25,55,14,2,17,18,2,55,14,3,17,15,5,5,POL,55.2366666666667,17.3033333333333,55.2383333333333,17.2583333333333,25-32
25500,39G4,25,55,28,42,14,39,32,55,27,9,14,36,1,4,SWE,55.4736666666667,14.6553333333333,55.465,14.6016666666667,25-32
25501,39G4,25,55,18,9,14,55,9,55,19,7,15,1,8,4,DEN,55.315,14.9316666666667,55.3283333333333,15.03,25-32
25502,39G4,25,55,27,5,14,28,1,55,27,75,14,32,5,3,SWE,55.4583333333333,14.4683333333333,55.4625,14.5416666666667,25-32
25503,38G6,25,55,9,358,16,3,988,55,10,47,16,2,19,5,POL,55.1559666666667,16.0664666666667,55.1745,16.0365,25-32
25504,41G7,25,56,4,648,17,46,153,56,3,123,17,44,554,4,SWE,56.0774666666667,17.7692166666667,56.05205,17.7425666666667,25-32
25507,40G5,25,55,39,285,15,47,099,55,40,822,15,47,666,4,SWE,55.65475,15.7849833333333,55.6803666666667,15.7944333333333,25-32
25508,39G6,25,55,18,02,16,1,13,55,19,31,16,3,15,5,DEN,55.3003333333333,16.0188333333333,55.3218333333333,16.0525,25-32
25510,40G6,25,55,44,5,16,3,6,55,45,1,16,0,1,4,SWE,55.7416666666667,16.06,55.7516666666667,16.0016666666667,25-32
25511,40G6,25,55,31,3,16,18,5,55,32,1,16,23,1,4,SWE,55.5216666666667,16.3083333333333,55.535,16.385,25-32
25512,41G7,25,56,5,321,17,50,755,56,6,13,17,48,427,4,SWE,56.0886833333333,17.8459166666667,56.1021666666667,17.8071166666667,25-32
25513,40G6,25,55,43,78,16,41,55,43,17,16,38,58,3,SWE,55.7296666666667,16.6833333333333,55.7195,16.643,25-32
25514,40G6,25,55,45,148,15,59,878,55,44,708,16,2,395,4,SWE,55.7524666666667,15.9979666666667,55.7451333333333,16.0399166666667,25-32
25515,38G5,25,54,40,7,15,39,9,54,39,9,15,38,4,POL,54.6783333333333,15.665,54.665,15.6333333333333,25-32
26001,37G9,26,54,22,9,19,14,4,54,22,9,19,16,8,2,POL,54.3816666666667,19.24,54.3816666666667,19.28,25-32
26005,38G8,26,54,53,7,18,11,54,53,7,18,14,2,POL,54.895,18.1833333333333,54.895,18.2333333333333,25-32
26007,38G8,26,54,51,5,18,34,54,53,18,32,6,2,POL,54.8583333333333,18.5666666666667,54.8833333333333,18.5433333333333,25-32
26010,41G8,26,56,9,3,18,19,7,56,12,2,18,21,6,4,SWE,56.155,18.3283333333333,56.2033333333333,18.36,25-32
26011,41H0,26,56,5,4,20,32,8,56,8,4,20,32,2,LTU,56.09,20.5466666666667,56.14,20.5333333333333,25-32
26013,41G8,26,56,22,18,29,56,25,18,32,2,SWE,56.3666666666667,18.4833333333333,56.4166666666667,18.5333333333333,25-32
26015,37G9,26,54,26,9,19,17,1,54,27,2,19,19,9,4,POL,54.4483333333333,19.285,54.4533333333333,19.3316666666667,25-32
26019,38G8,26,54,53,2,18,38,54,51,9,18,40,3,3,POL,54.8866666666667,18.6333333333333,54.865,18.6716666666667,25-32
26020,38G8,26,54,47,2,18,42,3,54,45,6,18,43,2,3,POL,54.7866666666667,18.705,54.76,18.72,25-32
26022,39H0,26,55,5,9,20,4,3,55,5,9,20,7,4,3,RUS,55.0983333333333,20.0716666666667,55.0983333333333,20.1233333333333,25-32
26023,39H0,26,55,8,3,20,19,8,55,6,7,20,18,6,3,RUS,55.1383333333333,20.33,55.1116666666667,20.31,25-32
26024,39H0,26,55,10,4,20,0,55,11,20,2,7,4,RUS,55.1733333333333,20,55.1833333333333,20.045,25-32
26025,39H0,26,55,12,4,20,9,8,55,11,5,20,12,6,3,RUS,55.2066666666667,20.1633333333333,55.1916666666667,20.21,25-32
26026,40H0,26,55,47,20,12,4,55,47,1,20,15,9,4,LTU,55.7833333333333,20.2066666666667,55.785,20.265,25-32
26027,40H0,26,55,47,4,20,23,2,55,47,1,20,26,5,3,LTU,55.79,20.3866666666667,55.785,20.4416666666667,25-32
26028,40H0,26,55,42,1,20,37,6,55,41,5,20,40,5,3,LTU,55.7016666666667,20.6266666666667,55.6916666666667,20.675,25-32
26030,41G9,26,56,7,8,19,51,56,10,5,19,53,9,3,LAT,56.13,19.85,56.175,19.8983333333333,25-32
26031,41G9,26,56,11,5,19,54,8,56,13,6,19,53,6,4,LAT,56.1916666666667,19.9133333333333,56.2266666666667,19.8933333333333,25-32
26032,41G8,26,56,22,18,30,8,56,19,3,18,27,2,3,SWE,56.3666666666667,18.5133333333333,56.3216666666667,18.4533333333333,25-32
26034,37G9,26,54,30,19,13,5,54,30,19,11,4,POL,54.5,19.225,54.5,19.1833333333333,25-32
26036,38G9,26,54,49,3,19,38,9,54,51,1,19,39,4,RUS,54.8216666666667,19.6483333333333,54.8516666666667,19.65,25-32
26037,38G8,26,54,55,2,18,39,54,56,5,18,37,8,4,POL,54.92,18.65,54.9416666666667,18.63,25-32
26038,38G8,26,54,53,1,18,40,54,54,1,18,38,6,4,POL,54.885,18.6666666666667,54.9016666666667,18.6433333333333,25-32
26039,39G9,26,55,0,6,19,40,4,55,1,9,19,42,4,RUS,55.01,19.6733333333333,55.0316666666667,19.7,25-32
26042,39G9,26,55,5,7,19,53,2,55,6,8,19,55,8,4,RUS,55.095,19.8866666666667,55.1133333333333,19.93,25-32
26044,39G8,26,55,18,18,17,5,55,16,18,17,5,4,POL,55.3,18.2916666666667,55.2666666666667,18.2916666666667,25-32
26045,39G9,26,55,16,7,19,5,55,15,19,2,3,4,POL,55.2783333333333,19.0833333333333,55.25,19.0383333333333,25-32
26046,39G8,26,55,20,2,18,6,7,55,21,8,18,5,07,5,POL,55.3366666666667,18.1116666666667,55.3633333333333,18.0845,25-32
26047,39G8,26,55,22,18,22,55,19,18,23,5,POL,55.3666666666667,18.3666666666667,55.3166666666667,18.3833333333333,25-32
26050,40G8,26,55,38,3,18,3,6,55,35,5,18,6,5,4,POL,55.6383333333333,18.06,55.5916666666667,18.1083333333333,25-32
26051,40G9,26,55,35,19,42,55,37,06,19,44,52,5,RUS,55.5833333333333,19.7,55.6176666666667,19.742,25-32
26052,40H0,26,55,30,4,20,36,6,55,29,2,20,39,2,4,LTU,55.5066666666667,20.61,55.4866666666667,20.6533333333333,25-32
26053,40G8,26,55,42,18,0,7,55,39,3,18,2,9,4,POL,55.7,18.0116666666667,55.655,18.0483333333333,25-32
26055,40G8,26,55,48,18,8,55,48,18,11,4,POL,55.8,18.1333333333333,55.8,18.1833333333333,25-32
26057,40H0,26,55,43,1,19,58,55,43,7,20,0,9,4,LTU,55.7183333333333,19.9666666666667,55.7283333333333,20.015,25-32
26058,40H0,26,55,40,1,20,17,6,55,38,4,20,18,9,4,LTU,55.6683333333333,20.2933333333333,55.64,20.315,25-32
26060,40G9,26,55,59,2,19,19,3,55,59,3,19,22,2,4,LAT,55.9866666666667,19.3216666666667,55.9883333333333,19.37,25-32
26064,41G9,26,56,1,5,19,26,1,56,2,9,19,27,8,4,LTU,56.025,19.435,56.0483333333333,19.4633333333333,25-32
26067,41G9,26,56,7,5,19,34,2,56,9,1,19,35,6,4,LAT,56.125,19.57,56.1516666666667,19.5933333333333,25-32
26069,41G8,26,56,13,1,18,25,2,56,15,1,18,28,9,4,SWE,56.2183333333333,18.42,56.2516666666667,18.4816666666667,25-32
26071,41G9,26,56,13,7,19,30,3,56,16,5,19,33,5,6,LAT,56.2283333333333,19.505,56.275,19.5583333333333,25-32
26073,41G9,26,56,15,19,39,56,16,19,44,4,LAT,56.25,19.65,56.2666666666667,19.7333333333333,25-32
26074,41G8,26,56,23,18,35,56,25,18,38,4,SWE,56.3833333333333,18.5833333333333,56.4166666666667,18.6333333333333,25-32
26076,41G8,26,56,26,18,39,56,28,18,41,4,SWE,56.4333333333333,18.65,56.4666666666667,18.6833333333333,25-32
26077,41G8,26,56,27,18,40,56,29,4,18,42,1,4,SWE,56.45,18.6666666666667,56.49,18.7016666666667,25-32
26078,41H0,26,56,21,20,2,56,24,20,6,4,LAT,56.35,20.0333333333333,56.4,20.1,25-32
26081,41H0,26,56,27,20,12,56,30,20,13,5,LAT,56.45,20.2,56.5,20.2166666666667,25-32
26084,38G9,26,54,40,8,19,29,54,41,7,19,31,5,5,RUS,54.68,19.4833333333333,54.695,19.525,25-32
26086,38G8,26,54,58,5,18,48,54,58,5,18,52,5,POL,54.975,18.8,54.975,18.8666666666667,25-32
26087,38G8,26,54,53,18,54,54,53,8,18,51,7,5,POL,54.8833333333333,18.9,54.8966666666667,18.8616666666667,25-32
26089,38G9,26,54,56,9,19,34,3,54,55,19,34,2,5,RUS,54.9483333333333,19.5716666666667,54.9166666666667,19.57,25-32
26090,40G9,26,54,42,3,19,2,2,54,42,6,19,5,2,5,POL,54.705,19.0366666666667,54.71,19.0866666666667,25-32
26091,39G9,26,55,7,19,5,55,7,19,8,5,5,POL,55.1166666666667,19.0833333333333,55.1166666666667,19.1416666666667,25-32
26092,39G9,26,55,8,2,19,42,7,55,10,19,43,4,5,RUS,55.1366666666667,19.7116666666667,55.1666666666667,19.7233333333333,25-32
26093,39G8,26,55,10,5,18,39,55,10,5,18,42,3,5,POL,55.175,18.65,55.175,18.705,25-32
26094,39G8,26,55,11,8,18,57,55,10,2,18,54,3,5,POL,55.1966666666667,18.95,55.17,18.905,25-32
26095,39G9,26,55,14,4,19,8,5,55,12,5,19,9,6,5,RUS,55.24,19.1416666666667,55.2083333333333,19.16,25-32
26096,39G9,26,55,10,5,19,26,3,55,10,4,19,29,7,5,RUS,55.175,19.4383333333333,55.1733333333333,19.495,25-32
26097,39G9,26,55,21,4,19,55,6,55,22,8,19,56,6,4,RUS,55.3566666666667,19.9266666666667,55.38,19.9433333333333,25-32
26099,39G8,26,55,28,3,18,18,2,55,28,2,18,24,2,5,POL,55.4716666666667,18.3033333333333,55.47,18.4033333333333,25-32
26101,39G8,26,55,25,18,24,2,55,23,18,26,5,POL,55.4166666666667,18.4033333333333,55.3833333333333,18.4333333333333,25-32
26104,39G8,26,55,22,3,18,33,55,21,18,35,7,5,POL,55.3716666666667,18.55,55.35,18.595,25-32
26105,39G8,26,55,21,18,47,55,19,18,45,5,POL,55.35,18.7833333333333,55.3166666666667,18.75,25-32
26106,39G8,26,55,26,5,18,55,5,55,24,18,55,5,5,POL,55.4416666666667,18.925,55.4,18.925,25-32
26107,39G9,26,55,30,1,18,59,7,55,31,6,18,59,5,5,POL,55.5016666666667,18.995,55.5266666666667,18.9916666666667,25-32
26108,39G9,26,55,21,6,19,15,8,55,20,1,19,14,6,5,RUS,55.36,19.2633333333333,55.335,19.2433333333333,25-32
26109,39G9,26,55,22,2,19,29,8,55,23,2,19,32,3,5,RUS,55.37,19.4966666666667,55.3866666666667,19.5383333333333,25-32
26110,40G8,26,55,35,18,23,55,34,18,20,2,5,POL,55.5833333333333,18.3833333333333,55.5666666666667,18.3366666666667,25-32
26111,40G9,26,55,35,19,2,5,55,33,1,19,2,7,5,RUS,55.5833333333333,19.0416666666667,55.5516666666667,19.045,25-32
26112,40G9,26,55,35,2,19,22,4,55,36,3,19,28,1,5,RUS,55.5866666666667,19.3733333333333,55.605,19.4683333333333,25-32
26117,40G9,26,55,34,8,19,44,2,55,36,9,19,44,9,5,RUS,55.58,19.7366666666667,55.615,19.7483333333333,25-32
26118,40H0,26,55,32,5,20,2,6,55,31,4,20,0,4,5,RUS,55.5416666666667,20.0433333333333,55.5233333333333,20.0066666666667,25-32
26120,40G8,26,55,41,18,58,55,39,18,58,5,POL,55.6833333333333,18.9666666666667,55.65,18.9666666666667,25-32
26121,40G9,26,55,47,9,19,1,4,55,50,18,57,8,5,RUS,55.7983333333333,19.0233333333333,55.8333333333333,18.9633333333333,25-32
26122,40G9,26,56,0,1,19,17,9,55,59,5,19,15,2,5,LAT,56.0016666666667,19.2983333333333,55.9916666666667,19.2533333333333,25-32
26124,41G8,26,56,17,18,32,56,20,18,35,5,SWE,56.2833333333333,18.5333333333333,56.3333333333333,18.5833333333333,25-32
26125,42G8,26,56,24,08,18,36,48,56,23,18,18,35,47,5,SWE,56.4013333333333,18.608,56.3863333333333,18.5911666666667,25-32
26128,39H0,26,55,20,8,20,39,1,55,20,7,20,41,8,2,RUS,55.3466666666667,20.6516666666667,55.345,20.6966666666667,25-32
26129,38G9,26,54,59,7,19,18,6,54,58,1,19,19,6,RUS,54.995,19.31,54.9683333333333,19.3166666666667,25-32
26130,39G9,26,54,48,1,19,21,9,54,46,6,19,21,1,6,RUS,54.8016666666667,19.365,54.7766666666667,19.3516666666667,25-32
26131,37G9,26,54,24,19,2,4,54,23,9,19,5,3,2,POL,54.4,19.04,54.3983333333333,19.0883333333333,25-32
26132,38G8,26,54,32,3,18,54,6,54,32,5,18,57,2,4,POL,54.5383333333333,18.91,54.5416666666667,18.9533333333333,25-32
26133,38G8,26,54,42,1,18,46,6,54,43,5,18,45,2,3,POL,54.7016666666667,18.7766666666667,54.725,18.7533333333333,25-32
26134,40H0,26,55,57,08,20,28,61,55,56,6,20,25,9,2,LTU,55.9513333333333,20.4768333333333,55.9433333333333,20.4316666666667,25-32
26135,38G9,26,54,56,4,19,24,2,54,54,8,19,24,3,6,RUS,54.94,19.4033333333333,54.9133333333333,19.405,25-32
26136,40G8,26,55,36,5,18,22,55,36,18,25,5,5,POL,55.6083333333333,18.3666666666667,55.6,18.425,25-32
26138,40G8,26,55,52,8,18,49,55,51,3,18,46,6,POL,55.88,18.8166666666667,55.855,18.7666666666667,25-32
26140,41G8,26,56,0,4,18,54,1,56,3,18,56,6,6,SWE,56.0066666666667,18.9016666666667,56.05,18.9433333333333,25-32
26141,41G8,26,56,18,18,32,2,56,18,9,18,42,2,4,SWE,56.3,18.5366666666667,56.315,18.7033333333333,25-32
26142,41G9,26,56,12,19,28,56,15,19,32,6,LAT,56.2,19.4666666666667,56.25,19.5333333333333,25-32
26144,41G9,26,56,22,19,29,56,23,19,35,6,LAT,56.3666666666667,19.4833333333333,56.3833333333333,19.5833333333333,25-32
26145,41G9,26,56,27,9,19,49,7,56,25,4,19,47,3,6,LAT,56.465,19.8283333333333,56.4233333333333,19.7883333333333,25-32
26147,39G9,26,55,2,19,29,55,3,4,19,30,3,5,RUS,55.0333333333333,19.4833333333333,55.0566666666667,19.505,25-32
26148,39G9,26,55,4,7,19,37,1,55,5,5,19,39,4,5,RUS,55.0783333333333,19.6183333333333,55.0916666666667,19.6566666666667,25-32
26150,39H0,26,55,3,5,20,33,5,55,4,3,20,35,7,2,RUS,55.0583333333333,20.5583333333333,55.0716666666667,20.595,25-32
26151,39G9,26,55,19,5,19,13,1,55,20,7,19,14,7,5,RUS,55.325,19.2183333333333,55.345,19.245,25-32
26152,39G9,26,55,10,5,19,13,2,55,11,9,19,11,9,5,RUS,55.175,19.22,55.1983333333333,19.1983333333333,25-32
26153,39H0,26,55,29,4,20,38,8,55,30,2,20,36,5,4,LTU,55.49,20.6466666666667,55.5033333333333,20.6083333333333,25-32
26154,40G9,26,55,32,5,19,29,1,55,31,6,19,27,5,RUS,55.5416666666667,19.485,55.5266666666667,19.45,25-32
26155,40G9,26,55,36,8,19,30,8,55,35,4,19,31,8,5,RUS,55.6133333333333,19.5133333333333,55.59,19.53,25-32
26156,40G9,26,55,35,5,19,50,7,55,34,3,19,52,4,5,RUS,55.5916666666667,19.845,55.5716666666667,19.8733333333333,25-32
26158,40H0,26,55,51,7,20,6,2,55,52,8,20,4,3,4,LTU,55.8616666666667,20.1033333333333,55.88,20.0716666666667,25-32
26160,41H0,26,56,28,865,20,7,94,56,29,767,20,10,12,5,LAT,56.4810833333333,20.1323333333333,56.4961166666667,20.1686666666667,25-32
26161,40G7,26,55,28,8,18,18,1,55,27,4,18,18,7,5,POL,55.48,18.3016666666667,55.4566666666667,18.3116666666667,25-32
26163,37G9,26,54,24,9,19,18,9,54,24,8,19,15,7,3,POL,54.415,19.315,54.4133333333333,19.2616666666667,25-32
26164,40G8,26,55,31,7,18,33,55,29,6,18,33,4,5,POL,55.5283333333333,18.55,55.4933333333333,18.5566666666667,25-32
26165,39G8,26,55,31,18,33,55,29,18,33,5,POL,55.5166666666667,18.55,55.4833333333333,18.55,25-32
26166,39G8,26,55,22,3,18,25,6,55,20,9,18,27,5,POL,55.3716666666667,18.4266666666667,55.3483333333333,18.45,25-32
26167,38G8,26,54,59,1,18,30,3,54,59,8,18,28,5,4,POL,54.985,18.505,54.9966666666667,18.475,25-32
26168,37G8,26,54,38,9,18,50,2,54,40,3,18,49,4,POL,54.6483333333333,18.8366666666667,54.6716666666667,18.8166666666667,25-32
26169,38G8,26,54,46,3,18,41,5,54,47,7,18,40,3,2,POL,54.7716666666667,18.6916666666667,54.795,18.6716666666667,25-32
26170,41G8,26,56,9,89056,18,20,27,56,7,72,18,18,58,4,SWE,56.1648426666667,18.3378333333333,56.1286666666667,18.3096666666667,25-32
26172,40G8,26,55,31,8,18,10,7,55,31,8,18,13,5,5,POL,55.53,18.1783333333333,55.53,18.225,25-32
26182,41G8,26,55,2,8,18,18,7,55,1,9,18,21,7,4,POL,55.0466666666667,18.3116666666667,55.0316666666667,18.3616666666667,25-32
26183,38G8,26,54,51,18,36,8,54,52,2,18,35,2,2,POL,54.85,18.6133333333333,54.87,18.5866666666667,25-32
26186,38G8,26,55,0,18,30,54,59,6,18,28,6,4,POL,55,18.5,54.9933333333333,18.4766666666667,25-32
26191,40G9,26,54,40,7,19,17,8,54,38,6,19,18,5,5,POL,54.6783333333333,19.2966666666667,54.6433333333333,19.3083333333333,25-32
26193,40H0,26,55,39,8,20,17,3,55,38,7,20,15,4,LTU,55.6633333333333,20.2883333333333,55.645,20.25,25-32
26194,40H0,26,55,39,3,20,9,2,55,39,8,20,6,6,4,LTU,55.655,20.1533333333333,55.6633333333333,20.11,25-32
26196,40H0,26,55,45,20,1,2,55,46,2,20,3,2,4,LTU,55.75,20.02,55.77,20.0533333333333,25-32
26197,40H0,26,55,47,7,20,4,55,49,4,20,4,3,4,LTU,55.795,20.0666666666667,55.8233333333333,20.0716666666667,25-32
26199,41G9,26,56,22,8,19,42,4,56,24,2,19,43,4,6,LAT,56.38,19.7066666666667,56.4033333333333,19.7233333333333,25-32
26200,39H0,26,55,28,4,20,3,4,55,29,5,20,5,3,4,RUS,55.4733333333333,20.0566666666667,55.4916666666667,20.0883333333333,25-32
26205,40H0,26,55,45,5,20,22,2,55,46,4,20,19,7,3,LTU,55.7583333333333,20.37,55.7733333333333,20.3283333333333,25-32
26206,40H0,26,55,45,8,20,20,55,44,2,20,20,3,LTU,55.7633333333333,20.3333333333333,55.7366666666667,20.3333333333333,25-32
26208,40H0,26,55,38,6,20,14,9,55,39,3,20,12,1,4,LTU,55.6433333333333,20.2483333333333,55.655,20.2016666666667,25-32
26209,41G9,26,56,18,19,31,5,56,20,9,19,31,7,6,LAT,56.3,19.525,56.3483333333333,19.5283333333333,25-32
26210,37G9,26,54,27,1,19,10,3,54,27,2,19,7,2,4,POL,54.4516666666667,19.1716666666667,54.4533333333333,19.12,25-32
26211,38G9,26,54,30,6,19,21,54,30,19,18,1,4,POL,54.51,19.35,54.5,19.3016666666667,25-32
26212,40G8,26,55,33,1,18,24,3,55,34,7,18,21,5,POL,55.5516666666667,18.405,55.5783333333333,18.35,25-32
26214,40H0,26,55,40,6,20,5,3,55,40,20,7,7,4,LTU,55.6766666666667,20.0883333333333,55.6666666666667,20.1283333333333,25-32
26215,40H0,26,55,52,20,5,2,55,51,5,20,7,9,4,LTU,55.8666666666667,20.0866666666667,55.8583333333333,20.1316666666667,25-32
26216,37G9,26,54,23,9,19,16,3,54,23,8,19,15,4,2,POL,54.3983333333333,19.2716666666667,54.3966666666667,19.2566666666667,25-32
26217,37G9,26,54,24,7,19,17,5,54,24,5,19,15,2,3,POL,54.4116666666667,19.2916666666667,54.4083333333333,19.2533333333333,25-32
26218,37G9,26,54,30,19,16,4,54,30,19,14,4,POL,54.5,19.2733333333333,54.5,19.2333333333333,25-32
26219,37G8,26,54,23,5,18,58,5,54,23,9,18,57,6,2,POL,54.3916666666667,18.975,54.3983333333333,18.96,25-32
26220,37G9,26,54,25,1,19,5,1,54,25,2,19,4,9,3,POL,54.4183333333333,19.085,54.42,19.0816666666667,25-32
26221,40G8,26,55,55,2,18,35,21,55,55,05,18,26,98,6,SWE,55.92,18.5868333333333,55.9175,18.4496666666667,25-32
26224,41G8,26,56,22,01,18,26,8,56,24,69,18,29,81,2,SWE,56.3668333333333,18.4466666666667,56.4115,18.4968333333333,25-32
26225,41G8,26,56,18,8,18,23,29,56,21,15,18,26,98,3,SWE,56.3133333333333,18.3881666666667,56.3525,18.4496666666667,25-32
26256,37G9,26,54,26,8,19,18,6,54,27,6,19,20,7,4,POL,54.4466666666667,19.31,54.46,19.345,25-32
26257,38G9,26,54,55,5,19,3,54,55,5,19,6,2,6,POL,54.925,19.05,54.925,19.1033333333333,25-32
26258,37G9,26,54,26,9,19,18,54,27,3,19,20,4,4,POL,54.4483333333333,19.3,54.455,19.34,25-32
26259,41G9,26,56,22,19,52,56,24,19,56,5,LAT,56.3666666666667,19.8666666666667,56.4,19.9333333333333,25-32
26260,41H0,26,56,26,20,5,56,26,1,20,1,7,5,LAT,56.4333333333333,20.0833333333333,56.435,20.0283333333333,25-32
26261,37G9,26,54,25,5,19,18,5,54,25,19,18,3,POL,54.425,19.3083333333333,54.4166666666667,19.3,25-32
26262,37G9,26,54,26,19,18,5,54,27,19,21,4,POL,54.4333333333333,19.3083333333333,54.45,19.35,25-32
26263,37G8,26,54,23,7,18,59,5,54,23,6,19,2,1,2,POL,54.395,18.9916666666667,54.3933333333333,19.035,25-32
26264,37G9,26,54,25,2,19,2,1,54,25,19,4,6,3,POL,54.42,19.035,54.4166666666667,19.0766666666667,25-32
26265,37G9,26,54,26,19,6,54,26,2,19,8,6,3,POL,54.4333333333333,19.1,54.4366666666667,19.1433333333333,25-32
26266,38G8,26,54,48,2,18,32,9,54,49,2,18,30,9,2,POL,54.8033333333333,18.5483333333333,54.82,18.515,25-32
26267,38G8,26,54,54,6,18,36,1,54,55,8,18,34,4,3,POL,54.91,18.6016666666667,54.93,18.5733333333333,25-32
26268,38G8,26,54,59,3,18,31,7,54,57,7,18,35,9,4,POL,54.9883333333333,18.5283333333333,54.9616666666667,18.5983333333333,25-32
26269,38G9,26,54,36,7,19,9,2,54,38,4,19,13,3,5,POL,54.6116666666667,19.1533333333333,54.64,19.2216666666667,25-32
26270,38G8,26,54,33,1,18,52,2,54,33,9,18,54,4,POL,54.5516666666667,18.87,54.565,18.9,25-32
26271,38G8,26,54,59,8,18,30,7,54,58,9,18,32,6,4,POL,54.9966666666667,18.5116666666667,54.9816666666667,18.5433333333333,25-32
26272,39G8,26,55,8,1,18,42,4,55,7,6,18,45,5,POL,55.135,18.7066666666667,55.1266666666667,18.75,25-32
26273,39G8,26,55,7,9,18,43,4,55,7,4,18,47,5,POL,55.1316666666667,18.7233333333333,55.1233333333333,18.7833333333333,25-32
26274,38G8,26,54,53,8,18,10,2,54,53,9,18,12,7,2,POL,54.8966666666667,18.17,54.8983333333333,18.2116666666667,25-32
26275,41G8,26,56,0,4,18,8,8,,,,,3,SWE,56.0066666666667,18.1466666666667,NA,NA,25-32
26276,39G8,26,55,16,2,18,18,1,55,17,6,18,18,7,4,POL,55.27,18.3016666666667,55.2933333333333,18.3116666666667,25-32
26277,38G8,26,54,59,18,32,3,55,0,1,18,30,5,4,POL,54.9833333333333,18.5383333333333,55.0016666666667,18.5083333333333,25-32
26278,38G8,26,54,59,18,46,2,54,59,7,18,43,9,5,POL,54.9833333333333,18.77,54.995,18.7316666666667,25-32
26279,38G8,26,54,32,8,18,56,6,54,32,2,18,54,1,4,POL,54.5466666666667,18.9433333333333,54.5366666666667,18.9016666666667,25-32
26280,38G8,26,54,29,6,18,53,4,54,30,9,18,52,6,4,POL,54.4933333333333,18.89,54.515,18.8766666666667,25-32
26281,37G9,26,54,26,3,19,4,54,26,2,19,6,4,3,POL,54.4383333333333,19.0666666666667,54.4366666666667,19.1066666666667,25-32
26282,37G9,26,54,25,3,19,3,9,54,25,2,19,1,5,3,POL,54.4216666666667,19.065,54.42,19.025,25-32
26283,37G9,26,54,29,9,19,15,2,54,30,2,19,17,8,4,POL,54.4983333333333,19.2533333333333,54.5033333333333,19.2966666666667,25-32
26285,38G9,26,54,34,6,19,19,4,54,34,3,19,22,3,5,POL,54.5766666666667,19.3233333333333,54.5716666666667,19.3716666666667,25-32
26286,40G8,26,55,37,6,18,32,2,55,38,18,33,5,5,POL,55.6266666666667,18.5366666666667,55.6333333333333,18.5583333333333,25-32
26287,38G9,26,54,36,7,19,2,1,54,35,8,19,0,3,5,POL,54.6116666666667,19.035,54.5966666666667,19.005,25-32
26288,38G9,26,54,36,5,19,8,7,54,37,1,19,10,2,5,POL,54.6083333333333,19.145,54.6183333333333,19.17,25-32
26289,37G9,26,54,26,1,19,6,4,54,26,1,19,9,1,3,POL,54.435,19.1066666666667,54.435,19.1516666666667,25-32
26290,39G8,26,55,36,1,18,58,6,55,34,7,18,59,2,5,POL,55.6016666666667,18.9766666666667,55.5783333333333,18.9866666666667,25-32
26291,38G9,26,54,49,8,19,20,4,54,51,3,19,19,1,6,RUS,54.83,19.34,54.855,19.3183333333333,25-32
26292,41G9,26,56,4,19,42,5,56,5,19,45,05,3,LAT,56.0666666666667,19.7083333333333,56.0833333333333,19.7508333333333,25-32
27003,43G7,27,57,24,8,17,1,5,57,27,1,16,59,4,3,SWE,57.4133333333333,17.025,57.4516666666667,16.99,25-32
27004,42G6,27,56,31,6,16,55,56,34,16,54,9,5,SWE,56.5266666666667,16.9166666666667,56.5666666666667,16.915,25-32
27005,42G7,27,56,57,6,17,10,8,56,55,4,17,10,3,5,SWE,56.96,17.18,56.9233333333333,17.1716666666667,25-32
27007,43G7,27,56,59,35,17,56,63,57,0,88,17,57,32,4,SWE,56.9891666666667,17.9438333333333,57.0146666666667,17.9553333333333,25-32
27009,43G7,27,57,4,17,54,57,6,02,17,54,55,4,SWE,57.0666666666667,17.9,57.1003333333333,17.9091666666667,25-32
27010,43G7,27,57,5,8,17,17,2,57,7,9,17,17,4,5,SWE,57.0966666666667,17.2866666666667,57.1316666666667,17.29,25-32
27011,43G7,27,57,27,5,17,32,8,57,29,6,17,34,1,5,SWE,57.4583333333333,17.5466666666667,57.4933333333333,17.5683333333333,25-32
27012,43G7,27,57,30,17,2,57,28,02,17,4,05,5,SWE,57.5,17.0333333333333,57.467,17.0675,25-32
27013,43G7,27,57,2,4,17,52,4,57,4,2,17,52,1,5,SWE,57.04,17.8733333333333,57.07,17.8683333333333,25-32
27014,44G7,27,57,37,887,17,8,81,57,36,53,17,6,474,5,SWE,57.63145,17.1468333333333,57.6088333333333,17.1079,25-32
27015,44G8,27,57,49,18,7,57,51,15,18,7,01,5,SWE,57.8166666666667,18.1166666666667,57.8525,18.1168333333333,25-32
27016,43G7,27,57,20,1,17,52,9,57,21,95,17,54,6,5,SWE,57.335,17.8816666666667,57.3658333333333,17.91,25-32
27017,43G7,27,57,30,17,43,57,28,03,17,44,01,5,SWE,57.5,17.7166666666667,57.4671666666667,17.7335,25-32
27018,44G8,27,57,44,5,18,10,05,57,46,6,18,10,1,5,SWE,57.7416666666667,18.1675,57.7766666666667,18.1683333333333,25-32
27019,44G8,27,57,42,8,18,16,2,57,44,2,18,17,8,5,SWE,57.7133333333333,18.27,57.7366666666667,18.2966666666667,25-32
27020,43G6,27,57,21,9,16,55,1,57,23,6,16,53,6,3,SWE,57.365,16.9183333333333,57.3933333333333,16.8933333333333,25-32
27021,42G6,27,56,32,3,16,50,1,56,34,1,16,51,1,5,SWE,56.5383333333333,16.835,56.5683333333333,16.8516666666667,25-32
27022,42G6,27,56,42,2,16,59,1,56,43,9,16,59,8,4,SWE,56.7033333333333,16.985,56.7316666666667,16.9966666666667,25-32
27023,43G7,27,57,2,8,17,55,2,57,5,8,17,54,4,5,SWE,57.0466666666667,17.92,57.0966666666667,17.9066666666667,25-32
27024,43G7,27,57,1,9,17,57,5,56,59,1,17,56,8,5,SWE,57.0316666666667,17.9583333333333,56.985,17.9466666666667,25-32
27025,43G7,27,57,26,9,17,6,3,57,28,3,17,4,5,4,SWE,57.4483333333333,17.105,57.4716666666667,17.075,25-32
27026,43G7,27,57,29,17,43,6,57,27,6,17,44,16,5,SWE,57.4833333333333,17.7266666666667,57.46,17.736,25-32
27027,44G8,27,57,45,8,18,7,2,57,48,18,7,2,5,SWE,57.7633333333333,18.12,57.8,18.12,25-32
27028,42G6,27,56,39,45,16,58,76,56,42,03,17,0,15,4,SWE,56.6575,16.9793333333333,56.7005,17.0025,25-32
27029,43G7,27,57,18,13,17,24,98,57,21,3,17,25,29,4,SWE,57.3021666666667,17.4163333333333,57.355,17.4215,25-32
27030,43G7,27,57,13,66,17,23,23,57,17,64,17,24,91,4,SWE,57.2276666666667,17.3871666666667,57.294,17.4151666666667,25-32
27031,43G7,27,57,1,265,17,7,966,57,2,73,17,8,7,3,SWE,57.0210833333333,17.1327666666667,57.0455,17.145,25-32
28001,42H0,28,56,40,4,20,44,8,56,39,20,44,9,3,LAT,56.6733333333333,20.7466666666667,56.65,20.7483333333333,25-32
28005,43H1,28,57,12,4,21,6,5,57,11,4,21,5,8,3,LAT,57.2066666666667,21.1083333333333,57.19,21.0966666666667,25-32
28006,43H0,28,57,20,8,20,52,5,57,19,8,20,54,7,4,LAT,57.3466666666667,20.875,57.33,20.9116666666667,25-32
28007,43H1,28,57,20,6,21,18,9,57,23,5,21,19,5,3,LAT,57.3433333333333,21.315,57.3916666666667,21.325,25-32
28009,43H1,28,57,24,2,21,20,7,57,25,4,21,22,4,2,LAT,57.4033333333333,21.345,57.4233333333333,21.3733333333333,25-32
28011,42H0,28,56,37,8,20,38,56,40,20,41,3,LAT,56.63,20.6333333333333,56.6666666666667,20.6833333333333,25-32
28013,42H0,28,56,39,20,40,2,56,40,20,42,4,3,LAT,56.65,20.67,56.6666666666667,20.7066666666667,25-32
28017,43H0,28,57,13,5,20,44,8,57,11,20,45,6,3,LAT,57.225,20.7466666666667,57.1833333333333,20.76,25-32
28020,43H1,28,57,18,5,20,56,3,57,16,21,0,3,LAT,57.3083333333333,20.9383333333333,57.2666666666667,21,25-32
28021,43H1,28,57,14,2,21,6,1,57,13,8,21,8,8,3,LAT,57.2366666666667,21.1016666666667,57.23,21.1466666666667,25-32
28022,43H1,28,57,16,21,1,57,18,5,21,6,2,4,LAT,57.2666666666667,21.0166666666667,57.3083333333333,21.1033333333333,25-32
28023,43H1,28,57,25,7,21,16,6,57,27,21,16,4,4,LAT,57.4283333333333,21.2766666666667,57.45,21.2733333333333,25-32
28024,43H1,28,57,28,21,1,6,57,28,1,21,7,8,4,LAT,57.4666666666667,21.0266666666667,57.4683333333333,21.13,25-32
28027,44G9,28,57,52,19,24,57,54,1,19,24,1,3,SWE,57.8666666666667,19.4,57.9016666666667,19.4016666666667,25-32
28029,44H1,28,57,54,8,21,30,5,57,54,4,21,33,5,3,EST,57.9133333333333,21.5083333333333,57.9066666666667,21.5583333333333,25-32
28030,44H1,28,57,54,7,21,34,7,57,53,3,21,34,8,3,EST,57.9116666666667,21.5783333333333,57.8883333333333,21.58,25-32
28031,42H0,28,56,33,8,20,25,5,56,37,4,20,28,4,LAT,56.5633333333333,20.425,56.6233333333333,20.4666666666667,25-32
28032,42H0,28,56,35,2,20,30,56,36,7,20,32,4,LAT,56.5866666666667,20.5,56.6116666666667,20.5333333333333,25-32
28033,42H0,28,56,35,4,20,22,5,56,37,8,20,25,4,LAT,56.59,20.375,56.63,20.4166666666667,25-32
28035,42H0,28,56,38,1,20,26,9,56,39,1,20,27,4,4,LAT,56.635,20.4483333333333,56.6516666666667,20.4566666666667,25-32
28036,42H0,28,56,59,2,20,48,57,0,8,20,47,7,4,LAT,56.9866666666667,20.8,57.0133333333333,20.795,25-32
28037,43G8,28,57,2,5,18,49,7,56,58,9,18,47,4,4,SWE,57.0416666666667,18.8283333333333,56.9816666666667,18.79,25-32
28039,43H0,28,57,1,9,20,32,2,57,6,2,20,32,8,5,LAT,57.0316666666667,20.5366666666667,57.1033333333333,20.5466666666667,25-32
28041,43H0,28,57,2,2,20,46,6,57,0,5,20,47,5,4,LAT,57.0366666666667,20.7766666666667,57.0083333333333,20.7916666666667,25-32
28042,43H0,28,57,7,8,20,43,6,57,6,1,20,43,9,4,LAT,57.13,20.7266666666667,57.1016666666667,20.7316666666667,25-32
28043,43H0,28,57,11,20,43,2,57,12,8,20,43,4,4,LAT,57.1833333333333,20.72,57.2133333333333,20.7233333333333,25-32
28044,43H0,28,57,17,1,20,41,6,57,15,6,20,42,2,4,LAT,57.285,20.6933333333333,57.26,20.7033333333333,25-32
28046,43H0,28,57,18,7,20,58,2,57,17,8,21,0,3,4,LAT,57.3116666666667,20.97,57.2966666666667,21.005,25-32
28049,43H1,28,57,13,5,21,2,2,57,12,6,21,4,2,3,LAT,57.225,21.0366666666667,57.21,21.07,25-32
28050,43H1,28,57,18,5,21,5,6,57,20,2,21,5,6,4,LAT,57.3083333333333,21.0933333333333,57.3366666666667,21.0933333333333,25-32
28051,43G8,28,57,21,2,19,9,2,57,19,1,19,7,2,4,SWE,57.3533333333333,19.1533333333333,57.3183333333333,19.12,25-32
28052,43H1,28,57,27,9,21,9,8,57,30,3,21,9,8,4,LAT,57.465,21.1633333333333,57.505,21.1633333333333,25-32
28053,44G9,28,57,32,1,19,17,5,57,28,8,19,14,3,4,SWE,57.535,19.2916666666667,57.48,19.2383333333333,25-32
28055,44H1,28,57,47,21,22,5,57,45,8,21,23,9,4,LAT,57.7833333333333,21.375,57.7633333333333,21.3983333333333,25-32
28058,44H1,28,57,59,2,21,16,6,57,59,2,21,19,9,4,EST,57.9866666666667,21.2766666666667,57.9866666666667,21.3316666666667,25-32
28059,44H1,28,57,54,21,28,57,54,21,25,4,EST,57.9,21.4666666666667,57.9,21.4166666666667,25-32
28060,45G9,28,58,25,4,19,22,9,58,27,3,19,23,9,4,SWE,58.4233333333333,19.3816666666667,58.455,19.3983333333333,25-32
28061,45H1,28,58,27,8,21,34,6,58,27,7,21,37,7,4,EST,58.4633333333333,21.5766666666667,58.4616666666667,21.6283333333333,25-32
28062,42H0,28,56,31,1,20,13,8,56,28,1,20,13,1,5,LAT,56.5183333333333,20.23,56.4683333333333,20.2183333333333,25-32
28064,42G8,28,56,51,18,52,56,54,18,50,6,SWE,56.85,18.8666666666667,56.9,18.8333333333333,25-32
28066,43G8,28,57,5,8,18,55,9,57,2,8,18,52,2,5,SWE,57.0966666666667,18.9316666666667,57.0466666666667,18.87,25-32
28067,43G8,28,57,6,5,18,57,1,57,9,2,19,0,1,5,SWE,57.1083333333333,18.9516666666667,57.1533333333333,19.0016666666667,25-32
28068,43H0,28,57,2,8,20,36,9,57,4,3,20,37,5,LAT,57.0466666666667,20.615,57.0716666666667,20.6166666666667,25-32
28070,43H0,28,57,8,20,35,57,9,5,20,34,9,5,LAT,57.1333333333333,20.5833333333333,57.1583333333333,20.5816666666667,25-32
28071,43G8,28,57,10,19,1,4,57,13,19,2,9,5,SWE,57.1666666666667,19.0233333333333,57.2166666666667,19.0483333333333,25-32
28072,43G8,28,57,15,4,19,4,3,57,18,19,7,4,5,SWE,57.2566666666667,19.0716666666667,57.3,19.1233333333333,25-32
28074,43H0,28,57,10,5,20,35,2,57,12,20,36,5,LAT,57.175,20.5866666666667,57.2,20.6,25-32
28075,43H0,28,57,12,3,20,40,4,57,14,20,41,2,5,LAT,57.205,20.6733333333333,57.2333333333333,20.6866666666667,25-32
28077,45H1,28,58,3,21,1,58,2,4,20,57,8,4,EST,58.05,21.0166666666667,58.04,20.9633333333333,25-32
28078,45G9,28,58,3,4,19,27,9,58,1,9,19,28,5,5,SWE,58.0566666666667,19.465,58.0316666666667,19.475,25-32
28079,42G8,28,56,30,8,18,40,56,28,3,18,37,6,SWE,56.5133333333333,18.6666666666667,56.4716666666667,18.6166666666667,25-32
28080,42G9,28,56,33,5,19,34,6,56,37,5,19,37,6,LAT,56.5583333333333,19.5766666666667,56.625,19.6166666666667,25-32
28082,42H0,28,56,34,20,0,5,56,34,20,6,2,6,LAT,56.5666666666667,20.0083333333333,56.5666666666667,20.1033333333333,25-32
28083,42H0,28,56,34,8,20,7,5,56,37,2,20,12,6,LAT,56.58,20.125,56.62,20.2,25-32
28084,42H0,28,56,36,20,20,3,56,33,5,20,17,5,LAT,56.6,20.3383333333333,56.5583333333333,20.2833333333333,25-32
28085,43H0,28,57,18,3,20,17,5,57,20,8,20,22,6,6,LAT,57.305,20.2916666666667,57.3466666666667,20.3766666666667,25-32
28086,43H0,28,57,10,8,20,25,9,57,12,7,20,28,9,6,LAT,57.18,20.4316666666667,57.2116666666667,20.4816666666667,25-32
28087,43H0,28,57,15,8,20,21,2,57,18,8,20,24,6,LAT,57.2633333333333,20.3533333333333,57.3133333333333,20.4,25-32
28088,43H0,28,57,26,7,20,34,2,57,28,9,20,37,8,6,LAT,57.445,20.57,57.4816666666667,20.63,25-32
28090,44H0,28,57,45,9,20,42,4,57,44,6,20,46,8,6,LAT,57.765,20.7066666666667,57.7433333333333,20.78,25-32
28091,44H1,28,57,56,48,21,39,36,57,58,86,21,40,81,3,EST,57.9413333333333,21.656,57.981,21.6801666666667,25-32
28092,43H0,28,57,20,4,20,35,6,57,18,20,39,5,LAT,57.34,20.5933333333333,57.3,20.65,25-32
28093,43H1,28,57,29,3,21,26,2,57,30,8,21,25,6,2,LAT,57.4883333333333,21.4366666666667,57.5133333333333,21.4266666666667,25-32
28094,42H0,28,56,56,4,20,23,56,57,7,20,24,9,5,LAT,56.94,20.3833333333333,56.9616666666667,20.415,25-32
28095,42G8,28,56,42,3,18,55,8,56,40,9,18,55,4,6,SWE,56.705,18.93,56.6816666666667,18.9233333333333,25-32
28096,43G8,28,57,9,64,18,48,31,57,10,69,18,52,475,3,SWE,57.1606666666667,18.8051666666667,57.1781666666667,18.8745833333333,25-32
28097,44G9,28,57,52,5,19,25,6,57,54,4,19,26,5,3,SWE,57.875,19.4266666666667,57.9066666666667,19.4416666666667,25-32
28098,43G8,28,57,20,2,19,8,1,57,22,1,19,10,8,5,SWE,57.3366666666667,19.135,57.3683333333333,19.18,25-32
28099,44G9,28,57,48,8,19,32,57,50,75,19,31,8,5,SWE,57.8133333333333,19.5333333333333,57.8458333333333,19.53,25-32
28100,45G9,28,58,15,8,19,11,8,58,17,8,19,10,4,3,SWE,58.2633333333333,19.1966666666667,58.2966666666667,19.1733333333333,25-32
28101,43G8,28,57,2,4,18,49,2,57,4,3,18,50,2,4,SWE,57.04,18.82,57.0716666666667,18.8366666666667,25-32
28102,43G8,28,57,6,25,18,52,49,57,4,4,18,51,8,4,SWE,57.1041666666667,18.8748333333333,57.0733333333333,18.8633333333333,25-32
28103,43G8,28,57,19,8,19,5,1,57,17,9,19,3,1,4,SWE,57.33,19.085,57.2983333333333,19.0516666666667,25-32
28104,44G9,28,57,51,3,19,28,2,57,52,6,19,30,2,4,SWE,57.855,19.47,57.8766666666667,19.5033333333333,25-32
28105,44G9,28,57,58,7,19,33,37,58,0,3,19,32,5,4,SWE,57.9783333333333,19.5561666666667,58.005,19.5416666666667,25-32
28106,45G9,28,58,4,74,19,26,22,58,3,2,19,26,8,4,SWE,58.079,19.437,58.0533333333333,19.4466666666667,25-32
28107,43G8,28,57,3,5,18,52,2,57,5,3,18,54,6,5,SWE,57.0583333333333,18.87,57.0883333333333,18.91,25-32
28108,43G8,28,57,1,2,18,54,1,57,4,18,56,9,6,SWE,57.02,18.9016666666667,57.0666666666667,18.9483333333333,25-32
28109,43G8,28,57,20,3,19,13,9,57,18,6,19,11,6,6,SWE,57.3383333333333,19.2316666666667,57.31,19.1933333333333,25-32
28110,43H1,28,57,20,7,21,12,6,57,21,9,21,13,9,4,LAT,57.345,21.21,57.365,21.2316666666667,25-32
28112,44H1,28,57,53,21,18,5,57,54,21,16,9,4,EST,57.8833333333333,21.3083333333333,57.9,21.2816666666667,25-32
28115,44H1,28,57,46,21,23,52,57,47,28,21,21,88,4,LAT,57.7666666666667,21.392,57.788,21.3646666666667,25-32
28116,44H1,28,57,45,51,21,24,57,45,17,21,26,54,4,LAT,57.7585,21.4,57.7528333333333,21.4423333333333,25-32
28120,43H1,28,57,20,89,21,12,21,57,21,51,21,14,35,4,LAT,57.3481666666667,21.2035,57.3585,21.2391666666667,25-32
28121,43H1,28,57,22,11,21,15,57,57,22,88,21,16,85,3,LAT,57.3685,21.2595,57.3813333333333,21.2808333333333,25-32
28122,43H1,28,57,23,8,21,17,54,57,24,88,21,17,76,3,LAT,57.3966666666667,21.2923333333333,57.4146666666667,21.296,25-32
28124,43H1,28,57,27,62,21,15,3,57,28,56,21,13,84,4,LAT,57.4603333333333,21.255,57.476,21.2306666666667,25-32
28126,43H1,28,57,14,68,21,5,63,57,15,48,21,3,71,3,LAT,57.2446666666667,21.0938333333333,57.258,21.0618333333333,25-32
28127,43H1,28,57,16,38,21,2,55,57,17,43,21,0,86,4,LAT,57.273,21.0425,57.2905,21.0143333333333,25-32
28130,43H1,28,57,18,63,21,2,65,57,17,99,21,5,22,4,LAT,57.3105,21.0441666666667,57.2998333333333,21.087,25-32
28132,43H1,28,57,13,8,21,9,4,57,15,2,21,10,9,3,LAT,57.23,21.1566666666667,57.2533333333333,21.1816666666667,25-32
28136,43H1,28,57,1,86,21,5,66,57,3,28,21,6,78,2,LAT,57.031,21.0943333333333,57.0546666666667,21.113,25-32
28138,43H1,28,57,4,05,21,7,77,57,5,56,21,8,58,2,LAT,57.0675,21.1295,57.0926666666667,21.143,25-32
28140,43H0,28,57,18,29,20,59,59,57,19,2,20,57,13,4,LAT,57.3048333333333,20.9931666666667,57.32,20.9521666666667,25-32
28141,43H0,28,57,17,75,21,0,3,57,18,69,20,58,22,4,LAT,57.2958333333333,21.005,57.3115,20.9703333333333,25-32
28142,43H0,28,57,19,17,20,54,99,57,19,19,20,57,69,4,LAT,57.3195,20.9165,57.3198333333333,20.9615,25-32
28144,43H0,28,57,19,7,20,42,98,57,21,33,20,43,29,4,LAT,57.3283333333333,20.7163333333333,57.3555,20.7215,25-32
28148,43H0,28,57,13,37,20,43,2,57,14,93,20,42,48,4,LAT,57.2228333333333,20.72,57.2488333333333,20.708,25-32
28150,43H0,28,57,17,7,20,41,53,57,19,09,20,42,75,4,LAT,57.295,20.6921666666667,57.3181666666667,20.7125,25-32
28151,43H0,28,57,14,8,20,41,3,57,16,2,20,42,2,4,LAT,57.2466666666667,20.6883333333333,57.27,20.7033333333333,25-32
28153,43H0,28,57,2,21,20,46,5,57,3,98,20,45,78,4,LAT,57.0368333333333,20.775,57.0663333333333,20.763,25-32
28154,43H0,28,57,3,75,20,47,57,57,2,26,20,47,44,4,LAT,57.0625,20.7928333333333,57.0376666666667,20.7906666666667,25-32
28157,42H0,28,56,39,38,20,45,92,56,40,82,20,46,79,2,LAT,56.6563333333333,20.7653333333333,56.6803333333333,20.7798333333333,25-32
28159,42H0,28,56,37,5,20,40,6,56,38,6,20,42,6,3,LAT,56.625,20.6766666666667,56.6433333333333,20.71,25-32
28160,42H0,28,56,36,49,20,41,28,56,37,59,20,43,22,3,LAT,56.6081666666667,20.688,56.6265,20.7203333333333,25-32
28161,42H0,28,56,38,1,20,43,9,56,39,3,20,45,94,2,LAT,56.635,20.7316666666667,56.655,20.7656666666667,25-32
28162,42H0,28,56,39,99,20,42,4,56,38,97,20,40,21,3,LAT,56.6665,20.7066666666667,56.6495,20.6701666666667,25-32
28165,43H0,28,57,7,18,20,39,42,57,8,68,20,39,83,5,LAT,57.1196666666667,20.657,57.1446666666667,20.6638333333333,25-32
28167,42H0,28,56,37,7,20,34,9,56,36,11,20,39,04,3,LAT,56.6283333333333,20.5816666666667,56.6018333333333,20.6506666666667,25-32
28169,42H0,28,56,37,42,20,33,5,56,38,2,20,34,07,4,LAT,56.6236666666667,20.5583333333333,56.6366666666667,20.5678333333333,25-32
28173,42H0,28,56,38,85,20,36,28,56,37,55,20,37,75,3,LAT,56.6475,20.6046666666667,56.6258333333333,20.6291666666667,25-32
28176,42H0,28,56,37,2,20,32,6,56,38,2,20,34,8,4,LAT,56.62,20.5433333333333,56.6366666666667,20.58,25-32
28177,43G8,28,57,11,07,18,48,65,57,8,14,18,47,46,3,SWE,57.1845,18.8108333333333,57.1356666666667,18.791,25-32
28178,44H1,28,57,31,21,6,3,57,32,3,21,6,9,4,LAT,57.5166666666667,21.105,57.5383333333333,21.115,25-32
28179,43G8,28,57,12,9,18,51,2,57,11,4,18,49,4,3,SWE,57.215,18.8533333333333,57.19,18.8233333333333,25-32
28180,43G8,28,57,15,16,18,55,55,57,17,31,18,58,26,3,SWE,57.2526666666667,18.9258333333333,57.2885,18.971,25-32
28181,43G9,28,57,21,64,19,5,28,57,19,94,19,3,65,4,SWE,57.3606666666667,19.088,57.3323333333333,19.0608333333333,25-32
28182,44G9,28,57,46,71,19,28,85,57,44,23,19,28,19,5,SWE,57.7785,19.4808333333333,57.7371666666667,19.4698333333333,25-32
28183,44G9,28,57,43,12,19,23,45,57,40,71,19,22,46,4,SWE,57.7186666666667,19.3908333333333,57.6785,19.3743333333333,25-32
28184,44G9,28,57,41,77,19,24,33,57,38,62,19,22,11,4,SWE,57.6961666666667,19.4055,57.6436666666667,19.3685,25-32
28186,44G9,28,57,43,06,19,10,32,57,40,48,19,5,71,3,SWE,57.7176666666667,19.172,57.6746666666667,19.0951666666667,25-32
28187,44G9,28,57,39,84,19,7,77,57,37,05,19,7,23,3,SWE,57.664,19.1295,57.6175,19.1205,25-32
28188,44G9,28,57,36,88,19,10,15,57,34,58,19,9,17,3,SWE,57.6146666666667,19.1691666666667,57.5763333333333,19.1528333333333,25-32
28189,45G9,28,58,20,42,19,6,6,58,22,43,19,5,4,4,SWE,58.3403333333333,19.11,58.3738333333333,19.09,25-32
28190,44H0,28,57,58,9,20,58,43,57,59,7,20,58,8,5,EST,57.9816666666667,20.9738333333333,57.995,20.98,25-32
28191,45H1,28,58,1,6,21,5,9,58,2,9,21,6,6,4,EST,58.0266666666667,21.0983333333333,58.0483333333333,21.11,25-32
28192,44H1,28,57,58,6,21,17,33,57,57,6,21,17,3,4,EST,57.9766666666667,21.2888333333333,57.96,21.2883333333333,25-32
28193,44H1,28,57,52,8,21,30,9,57,51,31,21,31,11,4,EST,57.88,21.515,57.8551666666667,21.5185,25-32
28194,42H0,28,56,32,03,20,15,12,56,38,20,15,1,6,LAT,56.5338333333333,20.252,56.6333333333333,20.2516666666667,25-32
