RectangleAlpha;NrHaul;Area;Layer;Dist;Mean_Depth;EEZ;NM12;Status;Source;Remark;Lat_start_deg_dec;Lon_start_deg_dec;Lat_end_deg_dec;Lon_end_deg_dec;type;Country;Pct;nation
37G0;22123;22;2;1,499857173;20;GFR;No;V;NA;NA;54,4581666666667;10,5925;54,4503333333333;10,6333333333333;Allocated;DE;100;DE
37G0;22005;22;2;1,559254268;17;GFR;No;V;NA;NA;54,404;10,7545;54,4241666666667;10,7263333333333;Allocated;DE;100;DE
37G2;24002;24;2;1,846594079;18;GFR;No;V;NA;NA;54,4413333333333;12,348;54,4141666666667;12,3233333333333;Allocated;DE;100;DE
37G2;24001;24;2;1,616412896;17;GFR;No;V;NA;NA;54,3841666666667;12,1938333333333;54,4058333333333;12,2213333333333;Allocated;DE;100;DE
37G4;24022;24;2;3,354320046;31;POL;No;V;NA;NA;54,4458333333333;14,955;54,4615;14,8628333333333;Allocated;DE;100;DE
37G4;24335;24;2;1,636694046;14;GFR;No;V;NA;NA;54,1916666666667;14,31;54,2133333333333;14,2816666666667;Allocated;DE;100;DE
37G4;24004;24;2;2,496303573;16;POL;No;V;NA;NA;54,4833333333333;14,7533333333333;54,4435;14,774;Allocated;DE;100;DE
37G5;25009;25;2;1,866269153;30;POL;No;V;NA;NA;54,3816666666667;15,7883333333333;54,3833333333333;15,735;Allocated;PL;100;PL
37G5;25042;25;3;5,941040851;45;POL;No;V;NA;NA;54,5333333333333;16;54,435;16,02;Allocated;PL;100;PL
37G5;25008;25;2;1,747078365;28;POL;No;V;NA;NA;54,3833333333333;15,5666666666667;54,3833333333333;15,6166666666667;Allocated;PL;100;PL
37G5;25040;25;3;1,75331743;49;POL;No;V;NA;NA;54,465;15,78;54,485;15,8166666666667;Allocated;PL;100;PL
37G5;25039;25;3;1,598303948;49;POL;No;V;NA;NA;54,4583333333333;15,605;54,48;15,6316666666667;Allocated;PL;100;PL
37G5;25006;25;2;1,805921899;32;POL;No;V;NA;NA;54,4333333333333;15,1466666666667;54,4316666666667;15,1983333333333;Allocated;DE;100;DE
37G6;25010;25;2;1,914171772;26;POL;No;V;NA;NA;54,4466666666667;16,0883333333333;54,4783333333333;16,095;Allocated;PL;100;PL
37G8;26219;26;2;0,659203536;26;POL;No;V;NA;NA;54,3916666666667;18,975;54,3983333333333;18,96;Allocated;PL;100;PL
37G9;26210;26;4;1,805042924;63;POL;No;V;NA;NA;54,4516666666667;19,1716666666667;54,4533333333333;19,12;Allocated;PL;100;PL
37G9;26256;26;4;1,459629846;63;POL;No;V;NA;NA;54,4466666666667;19,31;54,46;19,345;Mooved to new Layer;PL;100;PL
37G9;26217;26;3;1,353415389;43;POL;No;V;NA;NA;54,4116666666667;19,2916666666667;54,4083333333333;19,2533333333333;Allocated;PL;100;PL
37G9;26216;26;2;0,533400271;33;POL;No;V;NA;NA;54,3983333333333;19,2716666666667;54,3966666666667;19,2566666666667;Allocated;PL;100;PL
37G9;26265;26;3;1,525396193;54;POL;No;V;NA;NA;54,4333333333333;19,1;54,4366666666667;19,1433333333333;Allocated;PL;100;PL
38G6;25062;25;3;1,632780127;48;POL;No;V;NA;NA;54,9383333333333;16,2433333333333;54,92;16,2083333333333;Allocated;PL;100;PL
38G6;25014;25;2;1,499341638;27;POL;No;V;NA;NA;54,6933333333333;16,645;54,6866666666667;16,6033333333333;Allocated;PL;100;PL
38G6;25052;25;3;1,566096168;47;POL;No;V;NA;NA;54,64;16,075;54,65;16,1166666666667;Allocated;PL;100;PL
38G6;25016;25;2;1,389009345;30;POL;No;V;NA;NA;54,7433333333333;16,8166666666667;54,7416666666667;16,7766666666667;Allocated;PL;100;PL
38G6;25013;25;2;1,251378162;33;POL;No;V;NA;NA;54,65;16,3933333333333;54,6333333333333;16,3716666666667;Allocated;PL;100;PL
38G6;25538;25;2;1.58;25.5;POL;No;V;2001 DANA trawl computer;NA;54,83385;16,50875;54,8396;16,5532;Allocated;PL;100;PL
38G7;25022;25;2;4,654594062;28;POL;No;V;NA;NA;54,9566666666667;17,4166666666667;54,9733333333333;17,5366666666667;Allocated;PL;100;PL
38G7;25024;25;2;2,114456006;24;POL;No;V;NA;NA;54,85;17,4666666666667;54,8565;17,5268333333333;Allocated;PL;100;PL
38G8;26019;26;3;1,873049426;46;POL;No;V;NA;NA;54,8866666666667;18,6333333333333;54,865;18,6716666666667;Allocated;PL;100;PL
38G8;26279;26;4;1,569491317;67;POL;No;V;NA;NA;54,5466666666667;18,9433333333333;54,5366666666667;18,9016666666667;Allocated;PL;100;PL
38G8;26183;26;2;1,512645819;30;POL;No;V;NA;NA;54,85;18,6133333333333;54,87;18,5866666666667;Allocated;PL;100;PL
38G8;26086;26;5;2,295735204;99;POL;No;V;NA;NA;54,975;18,8;54,975;18,8666666666667;Allocated;PL;100;PL
38G8;26169;26;2;1,56168802;32;POL;No;V;NA;NA;54,7716666666667;18,6916666666667;54,795;18,6716666666667;Allocated;PL;100;PL
38G8;26266;26;2;1,525886473;20;POL;No;V;NA;NA;54,8033333333333;18,5483333333333;54,82;18,515;Allocated;PL;100;PL
38G8;26274;26;2;1,441076169;24;POL;No;V;NA;NA;54,8966666666667;18,17;54,8983333333333;18,2116666666667;Allocated;PL;100;PL
38G9;26269;26;5;2,919540728;88;POL;No;V;NA;NA;54,6116666666667;19,1533333333333;54,64;19,2216666666667;assigned manually;PL;100;PL
38G9;26257;26;6;1,838874272;102;POL;No;V;NA;NA;54,925;19,05;54,925;19,1033333333333;assigned manually;PL;100;PL
38G9;26287;26;5;1,377321118;81;POL;No;V;NA;NA;54,6116666666667;19,035;54,5966666666667;19,005;Allocated;PL;100;PL
39F9;22024;22;2;2,306584935;18;DEN;No;V;NA;NA;55,365;9,75266666666667;55,4016666666667;9,73233333333333;assigned manually;Havf;100;Havf
39F9;22081;22;2;2,400982588;28;DEN;No;V;NA;NA;55,105;9,988;55,065;9,986;Allocated;Havf;100;Havf
39F9;22152;22;2;NA;20;DEN;NA;V;NA;NA;55,1616666666667;9,625;55,1566666666667;9,58;Allocated;DE;100;DE
39F9;22151;22;2;NA;33;DEN;NA;V;NA;NA;55,0583333333333;9,55666666666667;55,045;9,52833333333333;Allocated;DE;100;DE
39G0;22130;22;2;2,495740794;22;DEN;No;V;NA;NA;55,3321666666667;10,8976666666667;55,2976666666667;10,9385;Allocated;Havf;100;Havf
39G0;22021;22;2;2,038348876;20;DEN;No;V;NA;NA;55,2483333333333;10,845;55,215;10,835;Allocated;Havf;100;Havf
39G0;22026;22;2;2,278922677;18;DEN;No;V;NA;NA;55,4233333333333;10,7666666666667;55,42;10,8333333333333;Allocated;Havf;100;Havf
39G1;22022;22;2;2,499074413;19;DEN;No;V;NA;NA;55,245;11,055;55,2166666666667;11,01;Allocated;Havf;100;Havf
39G1;22019;22;2;2.4980946039999998;17;DEN;No;V;NA;NA;55,0573333333333;11,4025;55,0468333333333;11,3321666666667;Allocated;Havf;100;Havf
39G1;22084;22;2;1,941279148;33;DEN;No;V;NA;NA;55,1983333333333;11,0766666666667;NA;NA;Allocated;Havf;100;Havf
39G1;22082;22;2;2,497195923;37;DEN;No;V;NA;NA;55,106;11,325;NA;NA;Allocated;Havf;100;Havf
39G5;25221;25;4;2,498618664;63;DEN;No;V;NA;NA;55,2283333333333;15,18;55,2043333333333;15,2033333333333;Allocated;Dana;100;Dana
39G5;25546;25;5;2.1219999999999999;95.2;DNK;No;V;2008 DANA trawl computer;NA;55,297366;15,743316;55,322716;15,700266;Allocated;Dana;100;Dana
39G5;25341;25;5;1,574854238;81;DEN;No;V;NA;NA;55,349;15,3711666666667;55,3251666666667;15,3518333333333;assigned manually;Dana;100;Dana
39G5;25344;25;5;2,360013852;85;DEN;No;V;NA;NA;55,4566666666667;15,9366666666667;55,4916666666667;15,9683333333333;Allocated;SE;100;SE
39G5;25321;25;4;2,498072981;78;DEN;No;V;NA;NA;55,09;15,6;55,0823333333333;15,6715;Allocated;Dana;100;Dana
39G5;25529;25;5;3.4159999999999999;98;DNK;No;V;1996 DANA trawl computer;NA;55,215;15,608333;55,168333;15,551666;Allocated;Dana;100;Dana
39G5;25064;25;4;2,498206763;78;DEN;No;V;NA;NA;55,0333333333333;15,25;55,0581666666667;15,1916666666667;Allocated;Dana;100;Dana
39G5;25530;25;5;3.0430000000000001;93;DNK;No;V;1996 DANA trawl computer;NA;55,126666;15,788333;55,126666;15,876666;Allocated;Dana;100;Dana
39G5;25452;25;5;2,367169206;91;DEN;No;V;NA;NA;55,3733333333333;15,26;55,4016666666667;15,3083333333333;Allocated;Dana;100;Dana
39G8;26104;26;5;2,016250461;81,5;POL;No;V;NA;NA;55,3716666666667;18,55;55,35;18,595;assigned manually;PL;100;PL
39G8;26302;26;4;1.504;62;POL;No;V;2001 DANA trawl computer;NA;55,216683;18,122216;55,216583;18,165966;Allocated;PL;100;PL
39G8;26276;26;4;1,441102469;73;POL;No;V;NA;NA;55,27;18,3016666666667;55,2933333333333;18,3116666666667;Allocated;PL;100;PL
39G8;26106;26;5;2,499999998;90;POL;No;V;NA;NA;55,4416666666667;18,925;55,4;18,925;Allocated;PL;100;PL
39G9;26045;26;4;2,306009074;70;POL;No;V;NA;NA;55,2783333333333;19,0833333333333;55,25;19,0383333333333;Allocated;PL;100;PL
40G0;22027;22;2;2,310272905;17;DEN;No;V;NA;NA;55,635;10,0066666666667;55,6533333333333;10,0666666666667;Allocated;Havf;100;Havf
40G0;22033;22;2;2,3;19;DEN;No;V;NA;NA;55,9416666666667;10,48;55,9033333333333;10,48;Allocated;Havf;100;Havf
40G0;22106;22;2;2,501893033;18;DEN;No;V;NA;NA;55,6435;10,1976666666667;55,6365;10,2705;Allocated;Havf;100;Havf
40G0;22035;22;2;2,202461055;20;DEN;No;V;NA;NA;55,9833333333333;10,88;55,9783333333333;10,945;Allocated;Havf;100;Havf
40G0;22091;22;2;2,49852527;21;DEN;No;V;NA;NA;55,722;10,6366666666667;55,7175;10,5631666666667;Allocated;Havf;100;Havf
40G0;22092;22;2;2,381611185;38;DEN;No;V;NA;NA;55,83;10,82;55,7916666666667;10,8383333333333;Allocated;Havf;100;Havf
40G0;22090;22;2;2,253864608;23;DEN;No;V;NA;NA;55,705;10,4633333333333;NA;NA;Allocated;Havf;100;Havf
40G0;22029;22;2;2,105211541;18;DEN;No;V;NA;NA;55,6516666666667;10,6616666666667;55,6233333333333;10,6983333333333;Allocated;Havf;100;Havf
40G0;22118;22;2;2,502761926;18;DEN;No;V;NA;NA;55,6295;10,3431666666667;55,6225;10,416;Allocated;Havf;100;Havf
40G1;22036;22;2;2,313716664;17;DEN;No;V;NA;NA;55,9216666666667;11,2266666666667;55,8933333333333;11,2733333333333;Allocated;Havf;100;Havf
40G1;22037;22;2;2,201736096;19;DEN;No;V;NA;NA;55,9816666666667;11,03;55,9533333333333;11,0716666666667;assigned manually;Havf;100;Havf
40G2;23018;23;2;NA;17;DEN;No;V;NA;NA;55,96;12,6433333333333;55,9416666666667;12,6316666666667;Allocated;Havf;100;Havf
40G2;23051;23;2;NA;11;DEN;No;V;NA;NA;55,7593333333333;12,7146333333333;55,73785;12,7082833333333;Allocated;Havf;100;Havf
40G2;23041;23;2;NA;14;SWE;No;V;NA;NA;55,7335;12,8893333333333;55,7155;12,9;Allocated;Havf;100;Havf
40G7;25518;25;3;3.1389999999999998;50;SWE;No;V;1989 DANA trawl computer;NA;55,946666;17,196666;55,921666;17,278333;Allocated;Dana;100;Dana
40G7;25543;25;4;1.512;65;POL;No;V;2004 DANA trawl computer;NA;55,575533;17,81175;55,575866;17,85615;Allocated;Dana;100;Dana
40G7;25136;25;3;3,001786035;59;SWE;No;V;NA;NA;55,7766666666667;17,7;55,8233333333333;17,6683333333333;Allocated;Dana;100;Dana
40G7;25107;25;3;1,960788082;40;POL;No;V;NA;NA;55,5533333333333;17,6;55,54;17,55;Allocated;Dana;100;Dana
40G7;25522;25;3;3.484;57;SWE;No;V;1990 DANA trawl computer;NA;55,953333;17,57;56,01;17,591666;Allocated;Dana;100;Dana
40G9;26191;26;5;2,138676344;91;POL;No;V;NA;NA;54,6783333333333;19,2966666666667;54,6433333333333;19,3083333333333;Allocated;PL;100;PL
40G9;26294;26;4;3.4510000000000001;79;LTU;No;V;1988 DANA trawl computer;NA;55,896666;19,263333;55,936666;19,336666;Allocated;LV;100;LV
40H0;26028;26;3;1,788397802;50;LTU;No;V;NA;NA;55,7016666666667;20,6266666666667;55,6916666666667;20,675;Allocated;LT;100;LT
40H0;26026;26;4;2,021057684;63;LTU;No;V;NA;NA;55,7833333333333;20,2066666666667;55,785;20,265;Allocated;LT;100;LT
40H0;26134;26;2;1,593807411;36;LTU;No;V;NA;NA;55,9513333333333;20,4768333333333;55,9433333333333;20,4316666666667;Allocated;LT;100;LT
40H0;26206;26;3;1,606572635;55,5;LTU;No;V;NA;NA;55,7633333333333;20,3333333333333;55,7366666666667;20,3333333333333;Allocated;LT;100;LT
41G0;22094;22;2;2,288424957;23;DEN;No;V;NA;NA;56,0433333333333;10,9266666666667;NA;NA;Allocated;Havf;100;Havf
41G2;23042;23;2;NA;24;DEN;No;V;NA;NA;56,1516666666667;12,4375;56,135;12,4495;assigned manually;Havf;100;Havf
41G2;23010;23;2;NA;23,5;NA;No;V;NA;NA;56,2333333333333;12,4175;56,2;12,4333333333333;Allocated;Havf;100;Havf
41G6;25406;25;4;2,073042869;64;SWE;No;V;NA;NA;56,4583333333333;16,7866666666667;56,4266666666667;16,7616666666667;Allocated;SE;100;SE
41G6;25315;25;4;1,918218077;70;SWE;No;V;NA;NA;56,4466666666667;16,975;56,4766666666667;16,955;Allocated;SE;100;SE
41G7;26301;26;4;3.444;59.7;SWE;No;V;1994 DANA trawl computer;NA;56,116666;18;56,066666;18,05;Mooved to new Layer;Dana;100;Dana
41G7;25038;25;3;2,501632741;51;SWE;No;V;NA;NA;56,15;17,75;56,1416666666667;17,6766666666667;Allocated;Dana;100;Dana
41G7;25410;25;4;2,492837075;65;SWE;No;V;NA;NA;56,0483333333333;17,7416666666667;56,085;17,7766666666667;Allocated;Dana;100;Dana
41G7;25461;25;3;2,502142001;40;SWE;No;V;NA;NA;56,0675;17,3645;56,0905;17,4268333333333;Allocated;Dana;100;Dana
41G7;25167;25;3;3,907240655;46;SWE;No;V;NA;NA;56,2666666666667;17,95;56,2333333333333;17,8666666666667;Allocated;Dana;100;Dana
41G9;26298;26;4;3.1120000000000001;69;LAT;No;V;1993 DANA trawl computer;NA;56,118333;19,508333;56,16;19,563333;Allocated;LV;100;LV
41G9;26030;26;3;3,155034376;57;LAT;No;V;NA;NA;56,13;19,85;56,175;19,8983333333333;Allocated;LT;100;LT
41G9;26259;26;5;3,346249377;90;LAT;No;V;NA;NA;56,3666666666667;19,8666666666667;56,4;19,9333333333333;Allocated;LV;100;LV
41G9;26073;26;4;3,212629325;72;LAT;No;V;NA;NA;56,25;19,65;56,2666666666667;19,7333333333333;assigned manually;LV;100;LV
41G9;26031;26;4;2,810878467;61;LAT;No;V;NA;NA;56,1916666666667;19,9133333333333;56,2266666666667;19,8933333333333;Allocated;LT;100;LT
41G9;26300;26;6;3.1019999999999999;124;LAT;No;V;1996 DANA trawl computer;NA;56,138333;19,19;56,098333;19,131666;Allocated;LV;100;LV
41H0;26296;26;3;3.4609999999999999;58;LAT;No;V;1989 DANA trawl computer;NA;56,365;20,218333;56,421666;20,236666;Allocated;LV;100;LV
42G6;27028;27;4;2,691168587;67;SWE;No;V;NA;NA;56,6575;16,9793333333333;56,7005;17,0025;Allocated;SE;100;SE
42H0;28094;28;5;1,670561622;85,75;LAT;No;V;NA;NA;56,94;20,3833333333333;56,9616666666667;20,415;Allocated;LV;100;LV
42H0;28161;28;2;1,642970927;39;LAT;No;V;NA;NA;56,635;20,7316666666667;56,655;20,7656666666667;Allocated;LV;100;LV
42H0;28035;28;4;3,39166631;74;LAT;No;V;NA;NA;56,635;20,4483333333333;56,6516666666667;20,4566666666667;Allocated;LV;100;LV
42H0;28173;28;3;1,530978498;54;LAT;No;V;NA;NA;56,6475;20,6046666666667;56,6258333333333;20,6291666666667;Allocated;LV;100;LV
42H0;28084;28;5;3,100633863;91;LAT;No;V;NA;NA;56,6;20,3383333333333;56,5583333333333;20,2833333333333;assigned manually;LV;100;LV
43G6;27020;27;3;2,064154781;44;SWE;No;V;NA;NA;57,365;16,9183333333333;57,3933333333333;16,8933333333333;Allocated;SE;100;SE
43G7;27031;27;3;NA;53;SWE;No;V;NA;NA;57,0210833333333;17,1327666666667;57,0455;17,145;assigned manually;SE;100;SE
43G7;27025;27;4;1,735843235;74;SWE;No;V;NA;NA;57,4483333333333;17,105;57,4716666666667;17,075;Allocated;SE;100;SE
43G7;27007;27;4;1,575471922;78;SWE;No;V;NA;NA;56,9891666666667;17,9438333333333;57,0146666666667;17,9553333333333;Allocated;SE;100;SE
43G7;27003;27;3;2,562779259;54;SWE;No;V;NA;NA;57,4133333333333;17,025;57,4516666666667;16,99;Allocated;SE;100;SE
43G7;27009;27;4;2,041991329;79;SWE;No;V;NA;NA;57,0666666666667;17,9;57,1003333333333;17,9091666666667;Allocated;SE;100;SE
43G7;27030;27;4;4,106329494;76;SWE;No;V;NA;NA;57,2276666666667;17,3871666666667;57,294;17,4151666666667;Allocated;SE;100;SE
43G8;28180;28;3;2,601802187;54;SWE;No;V;NA;NA;57,2526666666667;18,9258333333333;57,2885;18,971;Allocated;SE;100;SE
43G8;28096;28;3;2,478466246;46;SWE;No;V;NA;NA;57,1606666666667;18,8051666666667;57,1781666666667;18,8745833333333;Allocated;SE;100;SE
43H0;28165;28;5;1,517020123;86;LAT;No;V;NA;NA;57,1196666666667;20,657;57,1446666666667;20,6638333333333;Allocated;LV;100;LV
43H0;28017;28;3;2,539167993;53;LAT;No;V;NA;NA;57,225;20,7466666666667;57,1833333333333;20,76;Allocated;LV;100;LV
43H0;28074;28;5;1,561823528;99;LAT;No;V;NA;NA;57,175;20,5866666666667;57,2;20,6;Allocated;LV;100;LV
43H1;28093;28;2;1,535143958;22;LAT;No;V;NA;NA;57,4883333333333;21,4366666666667;57,5133333333333;21,4266666666667;Allocated;LV;100;LV
43H1;28023;28;4;1,5048756;64;LAT;No;V;NA;NA;57,4283333333333;21,2766666666667;57,45;21,2733333333333;Allocated;LV;100;LV
43H1;28138;28;2;1,572953177;31;LAT;No;V;NA;NA;57,0675;21,1295;57,0926666666667;21,143;Allocated;LV;100;LV
43H1;28009;28;2;1,511529885;28;LAT;No;V;NA;NA;57,4033333333333;21,345;57,4233333333333;21,3733333333333;Allocated;LV;100;LV
43H1;28049;28;3;1,408076207;45;LAT;No;V;NA;NA;57,225;21,0366666666667;57,21;21,07;Mooved to new Layer;LV;100;LV
43H1;28121;28;3;1,155150582;50;LAT;No;V;NA;NA;57,3685;21,2595;57,3813333333333;21,2808333333333;Allocated;LV;100;LV
44G9;28184;28;4;3,372211296;77;SWE;No;V;NA;NA;57,6961666666667;19,4055;57,6436666666667;19,3685;Allocated;SE;100;SE
44G9;28187;28;3;2,805024166;45;SWE;No;V;NA;NA;57,664;19,1295;57,6175;19,1205;Mooved to new Layer;SE;100;SE
44G9;28027;28;3;2,100672828;45;SWE;No;V;NA;NA;57,8666666666667;19,4;57,9016666666667;19,4016666666667;Mooved to new Layer;SE;100;SE
44H1;28091;28;3;2,50121837;42;EST;No;V;NA;NA;57,9413333333333;21,656;57,981;21,6801666666667;Mooved to new Layer;EE;100;EE
44H1;28193;28;4;1,494180586;61;EST;No;V;NA;NA;57,88;21,515;57,8551666666667;21,5185;Allocated;EE;100;EE
44H1;28029;28;3;1,643181613;58;EST;No;V;NA;NA;57,9133333333333;21,5083333333333;57,9066666666667;21,5583333333333;Allocated;EE;100;EE
45G9;28106;28;4;1,570260166;75;SWE;No;V;NA;NA;58,079;19,437;58,0533333333333;19,4466666666667;Allocated;SE;100;SE
45G9;28100;28;3;2,131151757;59;SWE;No;V;NA;NA;58,2633333333333;19,1966666666667;58,2966666666667;19,1733333333333;Allocated;SE;100;SE
45H0;28195;28;3;2.218;54;SWE;No;V;1988 DANA trawl computer;NA;58,425;20,308333;58,396666;20,263333;Mooved to new Layer;EE;100;EE
45H1;28061;28;4;1,624555809;68;EST;No;V;NA;NA;58,4633333333333;21,5766666666667;58,4616666666667;21,6283333333333;assigned manually;EE;100;EE
45H1;28191;28;4;1,35178064;61;EST;No;V;NA;NA;58,0266666666667;21,0983333333333;58,0483333333333;21,11;Allocated;EE;100;EE
37G1;22142;22;2;1,70987683;24;GFR;No;V;NA;NA;54,265;11,5016666666667;54,2733333333333;11,5483333333333;Allocated;DE;NA;DE
37G1;22012;22;2;1,63928511;25;GFR;No;V;NA;NA;54,4203333333333;11,5178333333333;54,3935;11,509;Allocated;DE;NA;DE
37G1;22003;22;2;2,402847472;19;GFR;No;V;NA;NA;54,1966666666667;11,89;54,2366666666667;11,8866666666667;Allocated;DE;NA;DE
37G1;22043;22;2;1,538497399;23;GFR;No;V;NA;NA;54,102;11,0743333333333;54,086;11,0401666666667;Allocated;DE;NA;DE
37G1;22007;22;2;3,997592151;16;GFR;No;V;NA;NA;54,4521666666667;11,3863333333333;54,3861666666667;11,3706666666667;Allocated;DE;NA;DE
37G1;22060;22;2;2,808374984;25;GFR;No;V;NA;NA;54,375;11,7873333333333;54,3761666666667;11,707;Allocated;DE;NA;DE
38G0;22064;22;2;2,696373855;21;GFR;No;V;NA;NA;54,6276666666667;10,3306666666667;54,6705;10,3541666666667;Allocated;DE;NA;DE
38G0;22065;22;2;2,503574502;25;DEN;No;V;NA;NA;54,6066666666667;10,643;54,6331666666667;10,5873333333333;Allocated;DE;NA;DE
38G0;22111;22;2;2,502894006;31;DEN;No;V;NA;NA;54,9138333333333;10,0533333333333;54,873;10,0681666666667;Allocated;DE;NA;DE
38G0;22078;22;2;2,225532129;33;DEN;No;V;NA;NA;54,97;10,1133333333333;54,9366666666667;10,1416666666667;Allocated;DE;NA;DE
38G0;22137;22;2;2,081813345;18;DEN;No;V;NA;NA;54,715;10,7483333333333;54,6816666666667;10,7316666666667;Allocated;DE;NA;DE
38G0;22116;22;2;2,500655536;25;DEN;No;V;NA;NA;54,6861666666667;10,476;54,7126666666667;10,4203333333333;Allocated;DE;NA;DE
38G1;22149;22;2;NA;22;DEN;NA;V;NA;NA;54,6283833333333;11,1482;54,64;11,085;Allocated;DE;NA;DE
38G1;22071;22;2;2,882454463;28;DEN;No;V;NA;NA;54,54;11,4066666666667;54,51;11,4683333333333;Allocated;DE;NA;DE
38G2;24016;24;2;3,240506409;21;GFR;No;V;NA;NA;54,688;12,9725;54,6688333333333;13,0598333333333;Allocated;DE;NA;DE
38G2;24347;24;2;1.153347731208;20;DEN;No;V;Havfisken trawl computer;NA;54,797666;12,361666;54,816833;12,363833;Allocated;DE;NA;DE
38G2;24325;24;2;1,63;18;GFR;No;V;NA;NA;54,6066666666667;12,6025;54,5795;12,6025;Allocated;DE;NA;DE
38G2;24350;24;2;1.119870409422;18.3;DEN;Yes;V;Havfisken trawl computer;NA;54,8895;12,581166;54,884333;12,55;Allocated;DE;NA;DE
38G2;24015;24;2;1,731912957;18;DEN;No;V;NA;NA;54,7008333333333;12,33;54,679;12,2973333333333;Allocated;Havf;NA;Havf
38G2;24089;24;3;2,460194555;48;DEN;No;V;NA;NA;54,90209;12,9;54,9166666666667;12,9666666666667;Allocated;DE;NA;DE
38G2;24344;24;2;NA;16;DEN;NA;V;NA;NA;54,6386166666667;12,1731333333333;54,61;12,1833333333333;assigned manually;DE;NA;DE
38G3;24065;24;2;1,814484232;30;GFR;No;V;NA;NA;54,7526666666667;13,2746666666667;54,7395;13,3218333333333;Allocated;DE;NA;DE
38G3;24062;24;2;2,501493696;29;GFR;No;V;NA;NA;54,804;13,006;54,8038333333333;12,9336666666667;Allocated;DE;NA;DE
38G3;24063;24;2;3,200534069;29;GFR;No;V;NA;NA;54,71;13,15;54,7068333333333;13,2421666666667;Allocated;DE;NA;DE
38G3;24182;24;3;2,501214844;48;GFR;No;V;NA;NA;54,875;13,4068333333333;54,8896666666667;13,4746666666667;Allocated;DE;NA;DE
38G3;24306;24;3;2,777221198;41;GFR;No;V;NA;NA;54,7097;13,7887333333333;54,755;13,8052;Allocated;DE;NA;DE
38G3;24171;24;3;1,459409863;42;GFR;No;V;NA;NA;54,9386666666667;13,0898333333333;54,9391666666667;13,1321666666667;Allocated;DE;NA;DE
38G3;24310;24;3;8,256366441;50,5;GFR;No;V;NA;NA;54,9887833333333;13,8697266666667;54,9245366666667;13,6578;Allocated;DE;NA;DE
38G3;24173;24;3;1,570807601;46;GFR;No;V;NA;NA;54,8763333333333;13,219;54,8766666666667;13,1735;Allocated;DE;NA;DE
38G3;24289;24;3;2,107630024;47;GFR;No;V;NA;NA;54,9316666666667;13,2583333333333;54,9666666666667;13,26;assigned manually;DE;NA;DE
38G4;24039;24;2;2,157073596;29;GFR;No;V;NA;NA;54,656;14,1578333333333;54,6261666666667;14,1925;Allocated;Dana;NA;Dana
38G4;24014;24;2;2,582019066;17;GFR;No;V;NA;NA;54,5031666666667;14,3823333333333;54,488;14,4513333333333;Allocated;DE;NA;DE
38G4;24081;24;2;3,184294695;38;DEN;No;V;NA;NA;54,6733333333333;14,505;54,7233333333333;14,535;Allocated;DE;NA;DE
38G4;24041;24;2;2,004096749;34;GFR;No;V;NA;NA;54,6166666666667;14,3666666666667;54,6335;14,3168333333333;Allocated;DE;NA;DE
38G4;24359;24;3;3.0619999999999998;52.8;DNK;No;V;1995 DANA trawl computer;NA;54,8;14,8;54,766666;14,733333;Allocated;Dana;NA;Dana
38G4;24162;24;3;2,500469343;56;DEN;No;V;NA;NA;54,6808333333333;14,8483333333333;54,6843333333333;14,7765;Allocated;DE;NA;DE
38G4;24150;24;3;1,453364203;47;DEN;No;V;NA;NA;54,6128333333333;14,7768333333333;54,6101666666667;14,7353333333333;Allocated;DE;NA;DE
38G4;24092;24;3;1,70097285;48;DEN;No;V;NA;NA;54,8716666666667;14,9633333333333;54,9;14,965;Allocated;DE;NA;DE
38G4;24360;24;3;1.4219999999999999;46;GRF;No;V;2001 DANA trawl computer;NA;54,903616;14,004066;54,906666;13,96335;Allocated;Dana;NA;Dana
39G2;23067;23;2;NA;10;DEN;No;V;NA;NA;55,4975833333333;12,4200833333333;55,49505;12,3776166666667;Allocated;Havf;NA;Havf
39G2;24086;24;2;1,486274493;25;DEN;No;V;NA;NA;54,9871666666667;12,6723333333333;54,9703333333333;12,704;Allocated;Havf;NA;Havf
39G2;24351;24;2;1.589632828032;17;DEN;Yes;V;Havfisken trawl computer;NA;55,25075;12,45795;55,236416;12,497;Allocated;Havf;NA;DE
39G2;24354;24;2;1.5399568021559999;30;DEN;No;V;Havfisken trawl computer;NA;55,089933;12,87485;55,090066;12,830033;Allocated;DE;NA;Havf
39G3;24301;24;2;1,247592889;36;SWE;No;V;NA;NA;55,056;13,6393333333333;55,054;13,6754666666667;Allocated;DE;NA;DE
39G3;24348;24;2;1.164686824071;39.5;SWE;No;V;Havfisken trawl computer;NA;55,2105;13,236333;55,210666;13,202333;Allocated;DE;NA;DE
39G3;24303;24;2;8,685750811;34;SWE;No;V;NA;NA;55,3138333333333;13,9323333333333;55,303;13,9116666666667;Allocated;DE;NA;DE
39G3;24107;24;3;1,621221675;41;SWE;No;V;NA;NA;55,2733333333333;13,7433333333333;55,2516666666667;13,715;Allocated;DE;NA;DE
39G3;24252;24;3;2,810025912;41;SWE;No;V;NA;NA;55,2078333333333;13,1745;55,1933333333333;13,2466666666667;Allocated;DE;NA;DE
39G3;24210;24;3;4,824880265;43;SWE;No;V;NA;NA;55,017;13,3066666666667;55,0631666666667;13,2566666666667;Allocated;DE;NA;DE
39G3;24228;24;3;2,502516324;46;GFR;No;V;NA;NA;55,0095;13,6728333333333;55,0176666666667;13,7441666666667;Allocated;DE;NA;DE
39G3;24312;24;3;1,566248847;41,33333333;SWE;No;V;NA;NA;55,0431666666667;13,4505;55,0418333333333;13,496;Mooved to new Layer;DE;NA;DE
39G4;24287;24;3;2,985098971;43;DEN;No;V;NA;NA;55,0416666666667;14,2233333333333;55;14,1783333333333;Allocated;Dana;NA;Dana
39G4;24245;24;3;1,505953776;44;DEN;No;V;NA;NA;55,0903333333333;14,3091666666667;55,0663333333333;14,2963333333333;Allocated;Dana;NA;Dana
39G4;24251;24;3;2,495905793;42;DEN;No;V;NA;NA;55,09;14,5523333333333;55,1315;14,5573333333333;Allocated;DE;NA;DE
39G4;24363;24;3;1.607;48.2;SWE;No;V;2006 DANA trawl computer;NA;55,283366;14,328766;55,300383;14,364883;Allocated;DE;NA;DE
39G4;25502;25;3;2,507187195;56;SWE;No;V;NA;NA;55,4583333333333;14,4683333333333;55,4625;14,5416666666667;Allocated;SE;NA;SE
39G4;25387;25;3;2,496846838;53;SWE;No;V;NA;NA;55,409;14,5046666666667;55,38;14,4566666666667;Allocated;Dana;NA;Dana
39G4;25501;25;4;3,516764969;72;DEN;No;V;NA;NA;55,315;14,9316666666667;55,3283333333333;15,03;Allocated;Dana;NA;Dana
39G4;25075;25;4;2,167374124;73;DEN;No;V;NA;NA;55,465;14,9716666666667;55,4616666666667;15,035;assigned manually;SE;NA;SE
38G5;24278;24;3;1,768338384;58;DEN;No;V;NA;NA;54,7683333333333;15;54,7416666666667;14,9783333333333;Allocated;Dana;NA;Dana
38G5;25539;25;3;1.5509999999999999;59;POL;No;V;2002 DANA trawl computer;NA;54,584133;15,7513;54,609833;15,747283;Allocated;Dana;NA;Dana
38G5;25051;25;3;2,726063213;52;POL;No;V;NA;NA;54,645;15,9133333333333;54,6116666666667;15,9666666666667;Allocated;PL;NA;PL
38G5;25056;25;3;3,340805743;56;POL;No;V;NA;NA;54,745;15,95;54,8;15,965;Allocated;PL;NA;PL
38G5;25049;25;3;2,159467104;55;POL;No;V;NA;NA;54,5416666666667;15,7683333333333;54,5583333333333;15,8233333333333;Allocated;PL;NA;PL
38G5;25053;25;3;3,056390015;58;DEN;No;V;NA;NA;54,8016666666667;15,0133333333333;54,805;14,9883333333333;Allocated;PL;NA;PL
38G5;25182;25;3;3,441409717;58;DEN;No;V;NA;NA;54,8883333333333;15,2916666666667;54,835;15,255;Allocated;DE;NA;DE
38G5;25517;25;3;3.677;55;POL;No;V;1988 DANA trawl computer;NA;54,571666;15,331666;54,513333;15,363333;Allocated;Dana;NA;Dana
38G5;25046;25;3;3,726507765;59;POL;No;V;NA;NA;54,5566666666667;15,44;54,5733333333333;15,4233333333333;Allocated;PL;NA;PL
38G5;25177;25;4;3,282133212;66;DEN;No;V;NA;NA;54,7716666666667;15,2883333333333;54,8216666666667;15,3266666666667;Allocated;Dana;NA;Dana
38G5;25193;25;4;1,672611578;75;DEN;No;V;NA;NA;54,85;15,69;54,8483333333333;15,7383333333333;Allocated;Dana;NA;Dana
38G5;25047;25;4;3,041874948;60;POL;No;V;NA;NA;54,6283333333333;15,5266666666667;54,5933333333333;15,59;Allocated;PL;NA;PL
38G5;25537;25;4;1.508;65;POL;No;V;2001 DANA trawl computer;NA;54,643316;15,639266;54,628233;15,6047;Allocated;Dana;NA;Dana
38G5;25394;25;4;0,144366428;61;DEN;No;V;NA;NA;54,6566666666667;15,1513333333333;54,6583333333333;15,1483333333333;Allocated;Dana;NA;Dana
39G6;25067;25;3;1,407524592;54;POL;No;V;NA;NA;55,0433333333333;16,4;55,0383333333333;16,36;Allocated;PL;NA;PL
39G6;25081;25;3;2,49830165;56;POL;No;V;NA;NA;55,4033333333333;16,85;55,4033333333333;16,9233333333333;Allocated;PL;NA;PL
39G6;25333;25;4;3,476574525;78;DEN;No;V;NA;NA;55,3166666666667;16,1833333333333;55,2816666666667;16,1033333333333;Allocated;PL;NA;PL
39G6;25214;25;4;2,500419062;68;POL;No;V;NA;NA;55,075;16,385;55,1166666666667;16,3863333333333;Allocated;Dana;NA;Dana
39G6;25246;25;4;2,40775439;65;POL;No;V;NA;NA;55,35;16,95;55,3783333333333;17;Allocated;Dana;NA;Dana
39G6;25212;25;4;3,206808219;69;POL;No;V;NA;NA;55,055;16,3033333333333;55,025;16,2266666666667;Allocated;Dana;NA;Dana
39G6;25516;25;5;3.544;80;DNK;No;V;1988 DANA trawl computer;NA;55,211666;16,258333;55,27;16,273333;Allocated;Dana;NA;Dana
39G6;25080;25;3;1,815155256;52;POL;No;V;NA;NA;55,405;16,7483333333333;55,3833333333333;16,7116666666667;Mooved to new Layer;PL;NA;PL
39G6;25224;25;4;3,136101273;70,6;DEN;No;V;NA;NA;55,3;16,2833333333333;55,35;16,2833333333333;assigned manually;PL;NA;PL
39G6;25508;25;5;1,733828676;90;DEN;No;V;NA;NA;55,3003333333333;16,0188333333333;55,3218333333333;16,0525;assigned manually;PL;NA;PL
39G7;25455;25;2;1,78309773;37;POL;No;V;NA;NA;55,4566666666667;17,2833333333333;55,4616666666667;17,335;Allocated;PL;NA;PL
39G7;25030;25;3;1,50639481;40;POL;No;V;NA;NA;55,4883333333333;17,4633333333333;55,49;17,4216666666667;Allocated;Dana;NA;Dana
39G7;25084;25;3;2,625876814;56;POL;No;V;NA;NA;55,3833333333333;17,3666666666667;55,4;17,4333333333333;Allocated;PL;NA;PL
39G7;25545;25;3;1.417;41;POL;No;V;2005 DANA trawl computer;NA;55,066383;17,094233;55,085683;17,117816;Allocated;Dana;NA;Dana
39G7;25232;25;4;2,973346391;78;POL;No;V;NA;NA;55,3116666666667;17,3333333333333;55,3333333333333;17,4116666666667;Allocated;PL;NA;PL
39G7;25339;25;5;1,994570378;88,8;POL;No;V;NA;NA;55,2583333333333;17,425;55,2583333333333;17,4833333333333;Allocated;PL;NA;PL
40G4;25416;25;2;1,965943651;41;SWE;No;V;NA;NA;55,6926666666667;14,3791666666667;55,7188333333333;14,3441666666667;Allocated;SE;NA;SE
40G4;25544;25;3;1.1140000000000001;50;SWE;No;V;2004 DANA trawl computer;NA;55,754816;14,785266;55,7579;14,75285;Allocated;Dana;NA;Dana
40G4;25425;25;3;2,098629151;55;SWE;No;V;NA;NA;55,7091666666667;14,85;55,6833333333333;14,8916666666667;Allocated;SE;NA;SE
40G4;25414;25;3;2,427447598;47;SWE;No;V;NA;NA;55,7016666666667;14,55;55,6866666666667;14,4833333333333;Allocated;SE;NA;SE
40G4;25444;25;4;1,508607948;65;SWE;No;V;NA;NA;55,6403333333333;14,8826666666667;55,6448333333333;14,9265;Allocated;Dana;NA;Dana
40G4;25449;25;4;2,247299239;71;DEN;No;V;NA;NA;55,46;14,73;55,4533333333333;14,665;Allocated;Dana;NA;Dana
40G4;25448;25;4;1,528514592;62;SWE;No;V;NA;NA;55,6425;14,7365;55,6405;14,6915;Allocated;Dana;NA;Dana
40G5;25399;25;3;2,502919273;51;SWE;No;V;NA;NA;55,8798333333333;15,7146666666667;55,8735;15,7881666666667;Allocated;SE;NA;SE
40G5;25292;25;3;2,499483945;55;SWE;No;V;NA;NA;55,76475;15,3964666666667;55,7647833333333;NA;Allocated;Dana;NA;Dana
40G5;25405;25;3;1,8;51;SWE;No;V;NA;NA;55,9116666666667;15,5683333333333;55,8816666666667;15,5683333333333;Allocated;SE;NA;SE
40G5;25429;25;3;1,683440263;46;SWE;No;V;NA;NA;55,9651666666667;15,41;55,9375;15,4016666666667;Allocated;SE;NA;SE
40G5;25124;25;3;1,631297409;57;SWE;No;V;NA;NA;55,77;15,2516666666667;55,77;15,3;Allocated;Dana;NA;Dana
40G5;25119;25;4;1,646902405;66;SWE;No;V;NA;NA;55,6866666666667;15,07;55,69;15,1183333333333;Allocated;Dana;NA;Dana
40G5;25277;25;4;3,003229491;75;DEN;No;V;NA;NA;55,5733333333333;15,58;55,5233333333333;15,5833333333333;Allocated;Dana;NA;Dana
40G5;25280;25;4;1,721888917;76;SWE;No;V;NA;NA;55,6233333333333;15,86;55,61;15,905;Allocated;Dana;NA;Dana
40G5;25533;25;4;2.871;71;SWE;No;V;1999 DANA trawl computer;NA;55,646666;15,376666;55,626666;15,453333;Allocated;Dana;NA;Dana
40G5;25272;25;4;1,476286931;69;DEN;No;V;NA;NA;55,665;15,2233333333333;55,6633333333333;15,2666666666667;Allocated;Dana;NA;Dana
40G5;25100;25;5;3,293039535;86;DEN;No;V;NA;NA;55,6366666666667;15,1033333333333;55,625;15,0083333333333;Allocated;SE;NA;SE
40G5;25274;25;5;1,586228425;89;DEN;No;V;NA;NA;55,5216666666667;15,5216666666667;55,52;15,565;Allocated;Dana;NA;Dana
40G6;25536;25;3;1.454;42;SWE;No;V;2001 DANA trawl computer;NA;55,970183;16,95835;55,9686;17,001383;Allocated;Dana;NA;Dana
40G6;25389;25;3;2,507098539;52;SWE;No;V;NA;NA;55,5901666666667;16,6608333333333;55,629;16,6878333333333;Allocated;PL;NA;PL
40G6;25134;25;3;2,499139232;47;SWE;No;V;NA;NA;55,7883333333333;16,7;55,7493333333333;16,726;Allocated;Dana;NA;Dana
40G6;25145;25;3;2,170981392;59;SWE;No;V;NA;NA;55,835;16,205;55,8416666666667;16,1416666666667;Allocated;Dana;NA;Dana
40G6;25380;25;3;1,844059248;40;POL;No;V;NA;NA;55,6416666666667;17,63;55,6166666666667;17,5983333333333;Allocated;Dana;NA;Dana
40G6;25431;25;3;2,246468531;54;SWE;No;V;NA;NA;55,87;16,0183333333333;55,8716666666667;16,085;Allocated;SE;NA;SE
40G6;25305;25;4;3,07530652;61;SWE;No;V;NA;NA;55,7333333333333;16,3333333333333;55,7833333333333;16,3333333333333;Allocated;Dana;NA;Dana
40G6;25286;25;4;1,767700249;68;SWE;No;V;NA;NA;55,5816666666667;16,435;55,59;16,385;Allocated;PL;NA;PL
40G6;25282;25;4;1,520082101;78;SWE;No;V;NA;NA;55,535;16,1766666666667;55,56;16,1833333333333;Allocated;SE;NA;SE
40G6;25511;25;4;2,723728916;73;SWE;No;V;NA;NA;55,5216666666667;16,3083333333333;55,535;16,385;Allocated;SE;NA;SE
40G8;26304;26;4;1.512;71.400000000000006;POL;No;V;2010 DANA trawl computer;NA;55,5054;18,082366;55,515933;18,042133;Allocated;PL;NA;PL
40G8;26299;26;5;3.1949999999999998;96;POL;No;V;1990 DANA trawl computer;NA;55,653333;18,626666;55,608333;18,676666;Allocated;PL;NA;PL
40G8;26172;26;5;1,584728984;81;POL;No;V;NA;NA;55,53;18,1783333333333;55,53;18,225;Allocated;PL;NA;PL
40G8;26221;26;6;4,614266473;111;SWE;No;V;NA;NA;55,92;18,5868333333333;55,9175;18,4496666666667;Allocated;LV;NA;LV
40G8;26138;26;6;2,326727342;110;POL;No;V;NA;NA;55,88;18,8166666666667;55,855;18,7666666666667;Allocated;LV;NA;LV
40G8;26050;26;4;3,244393434;65,2;POL;No;V;NA;NA;55,6383333333333;18,06;55,5916666666667;18,1083333333333;assigned manually;PL;NA;PL
40G8;26303;26;6;1.5629999999999999;102;POL;No;V;2005 DANA trawl computer;NA;55,795866;18,344666;55,781883;18,38355;assigned manually;LV;NA;LV
44H0;28190;28;5;0,823692024;91;EST;No;V;NA;NA;57,9816666666667;20,9738333333333;57,995;20,98;Allocated;EE;NA;EE
41G8;26224;26;2;3,155719115;35;SWE;No;V;NA;NA;56,3668333333333;18,4466666666667;56,4115;18,4968333333333;Allocated;PL;NA;PL
41G8;26032;26;3;3,357163136;53;SWE;No;V;NA;NA;56,3666666666667;18,5133333333333;56,3216666666667;18,4533333333333;Allocated;PL;NA;PL
41G8;26170;26;4;2,366221416;76;SWE;No;V;NA;NA;56,1648426666667;18,3378333333333;56,1286666666667;18,3096666666667;Allocated;LV;NA;LV
41G8;26141;26;4;3,09709799;78;SWE;No;V;NA;NA;56,3;18,5366666666667;56,315;18,7033333333333;Allocated;PL;NA;PL
41G8;26140;26;6;2,951523093;123;SWE;No;V;NA;NA;56,0066666666667;18,9016666666667;56,05;18,9433333333333;Allocated;LV;NA;LV
42G8;26125;26;5;3,207856625;81;SWE;No;V;NA;NA;56,4013333333333;18,608;56,3863333333333;18,5911666666667;Allocated;PL;NA;PL
