"AreaSection";"SD";"Quarter";"DepthInterval";"Layer";"NHauls"
"1";2224;22;1;" 0 - 19";8;14
"2";2224;22;1;" 20 - 39";9;23
"3";2224;22;1;" 40 - 59";10;3
"4";2224;23;1;" 0 - 19";8;3
"5";2224;23;1;" 20 - 39";9;3
"6";2224;24;1;" 20 - 39";9;21
"7";2224;24;1;" 40 - 59";10;22
"8";2224;24;1;" 60 - 79";11;1
"9";2528;25;1;" 20 - 39";9;28
"10";2528;25;1;" 40 - 59";10;38
"11";2528;25;1;" 60 - 79";11;47
"12";2528;25;1;" 80 - 99";12;14
"13";2528;26;1;" 20 - 39";9;7
"14";2528;26;1;" 40 - 59";10;9
"15";2528;26;1;" 60 - 79";11;13
"16";2528;26;1;" 80 - 99";12;9
"17";2528;26;1;"100 - 119";13;4
"18";2528;27;1;" 40 - 59";10;2
"19";2528;27;1;" 60 - 79";11;4
"20";2528;27;1;" 80 - 99";12;4
"21";2528;28;1;" 10 - 39";9;8
"22";2528;28;1;" 40 - 59";10;6
"23";2528;28;1;" 60 - 79";11;13
